National_Series_Id,National_Series,Red_Value,Green_Value,Blue_Value,Live
0110AE,Allen,112,107,102,LIVE
0110AEC,Allen Cutover,112,107,102,DEAD
0110AT,Aughty,112,107,102,LIVE
0110ATE,Aughty eroded phase,112,107,102,DEAD
0110ATH,Aughty shallow phase,112,107,102,DEAD
0110ATL,Aughty slumping phase,112,107,102,DEAD
0110GW,Gweesalia,112,107,102,DEAD
0110GY,Glenamoy,112,107,102,DEAD
0110KM,Knockmealdown,112,107,102,LIVE
0110OW,Owenmore,112,107,102,DEAD
0110OWR,Owenmore Rocky Phase,112,107,102,DEAD
0110OWV,Owenmore Very Rocky Phase,112,107,102,DEAD
0110RH,Raheen,112,107,102,DEAD
0110S10,Soil 10,112,107,102,DEAD
0110S10a,Soil 10a,112,107,102,DEAD
0110S10b,Soil 10b,112,107,102,DEAD
0110S23,Soil 23,112,107,102,DEAD
0110S23a,Soil 23a,112,107,102,DEAD
0110S23b,Soil 23b,112,107,102,DEAD
0170ATD,Aughty drained,112,107,102,LIVE
0170GN,Garrynamona,112,107,102,LIVE
0170S11,Soil 11,112,107,102,DEAD
0170S11a,Soil 11a,112,107,102,DEAD
0170S11b,Soil 11b,112,107,102,DEAD
0170S22,Soil 22,112,107,102,DEAD
0170S22a,Soil 22a,112,107,102,DEAD
0180ATC,Aughty cutover,112,107,102,LIVE
0180GA,Garrymona,112,107,102,DEAD
0180GM,Gortnamona,112,107,102,LIVE
0180GYC,Glenamoy Cutover,112,107,102,DEAD
0180S12,Soil 12,112,107,102,DEAD
0180TB,Turbary,112,107,102,LIVE
0190CS,Clonsast,112,107,102,LIVE
0210KR,Kilbarry,112,107,102,LIVE
0210PT,Pollardstown,112,107,102,LIVE
0270AD,Ardrum,112,107,102,DEAD
0270BR,Banagher,112,107,102,LIVE
0270BRD,Banagher deep phase,112,107,102,DEAD
0270BRS,Banagher shallow phase,112,107,102,DEAD
0270S30,Soil 30,112,107,102,DEAD
0300BD,Ballydeloughy,255,255,0,LIVE
0300CY,Carney,255,255,0,DEAD
0300NR1,NR1,255,255,0,DEAD
0300S17,Soil 17,255,255,0,DEAD
0300S18,Soil 18,255,255,0,DEAD
0300SE,Seafield,255,255,0,LIVE
0310CL,Castletaylor,255,255,0,LIVE
0360BU,Burren,255,255,0,LIVE
0360BUD,Burren deeper phase,255,255,0,DEAD
0360BUR,Burren rocky phase,255,255,0,DEAD
0360BUV,Burren very rocky phase,255,255,0,DEAD
0360BUX,Burren Extremely Rocky Phase,255,255,0,DEAD
0360CS,Crush,255,255,0,LIVE
0360KC,Kilcolgan,255,255,0,DEAD
0360KCB,Kilcolgan bouldery phase,255,255,0,DEAD
0360RE,Rakestreet,255,255,0,DEAD
0400AH,Altahalla,153,51,0,LIVE
0400CC,Cappacorcoge,153,51,0,LIVE
0400CT,Castletown,153,51,0,LIVE
0400FG,Figar,153,51,0,LIVE
0400GL,Glenlane,153,51,0,LIVE
0400ROR,Ross Carbery Rocky phase,153,51,0,DEAD
0400UN01,UNnamed_01,153,51,0,dead
0400UN105,Unnamed_105,153,51,0,DEAD
0400UN106,Unnamed_106,153,51,0,DEAD
0400UN107,Unnamed_107,153,51,0,DEAD
0400UN108,Unnamed_108,153,51,0,DEAD
0410BA,Bantry,153,51,0,LIVE
0410BT,Ballintroohan,153,51,0,LIVE
0410CV,Carrigvahanagh,153,51,0,LIVE
0410S20,Soil 20,153,51,0,DEAD
0410S20a,Soil 20a,153,51,0,DEAD
0460AH,UNnamed_02,153,51,0,DEAD
0460CP,Crumpaun,153,51,0,DEAD
0460KK,Kilkieran,153,51,0,LIVE
0460KW,Knockshigowna,153,51,0,LIVE
0460KY,Knockeyon,153,51,0,LIVE
0460RN,Rineanna,153,51,0,LIVE
0460SHR,Schull Rocky phase,153,51,0,DEAD
0460SR,Slievereagh,153,51,0,DEAD
0500BO,Boyne,0,204,255,LIVE
0500BOO,Boyne Alluvium - Organic component,0,204,255,DEAD
0500BOP,Boyne Alluvium - Poorly drained component,0,204,255,DEAD
0500BOT,Boyne Alluvium - Terrace component,0,204,255,DEAD
0500BOW,Boyne Alluvium - well-drained component,0,204,255,DEAD
0500FAD,Feale Dry variant,0,204,255,DEAD
0500GL,Glenomra,0,204,255,DEAD
0500GT,Gurteen,0,204,255,LIVE
0500KG,Kilgory,0,204,255,LIVE
0500KK,Kilmannock,0,204,255,LIVE
0500LG,Lurganboy,0,204,255,LIVE
0500LY,Lyre,0,204,255,LIVE
0500RB,River Burren,0,204,255,DEAD
0500S28,Soil 28,0,204,255,DEAD
0500SB,Slob,0,204,255,DEAD
0500VI,Vicarstown,0,204,255,LIVE
0550CF,Unnamed_114,0,204,255,DEAD
0550DU,Dunsany,0,204,255,LIVE
0550KS,Kilmore Slob,0,204,255,LIVE
0550KSV,Kilmore slob variant,0,204,255,LIVE
0551AH,Abhainn,0,204,255,LIVE
0556CF,Cornafulla,0,204,255,LIVE
0556CN,Coolaknick,0,204,255,LIVE
0556DR,Drombanny,0,204,255,LIVE
0556FNK,Finnery,0,204,255,DEAD
0560AG,Ardglass,0,204,255,LIVE
0560BB,Ballynabola,0,204,255,DEAD
0560CA,Camoge,0,204,255,LIVE
0560CF,Coolfin,0,204,255,DEAD
0560CL,Coolalough,0,204,255,LIVE
0560DI,Darkisland,0,204,255,DEAD
0560FA,Feale,0,204,255,LIVE
0560GR,Griston,0,204,255,LIVE
0560KC,Kilcullen,0,204,255,LIVE
0560MQ,Millquarter,0,204,255,LIVE
0560PL,Pollagh,0,204,255,DEAD
0560RB,Rathborney,0,204,255,DEAD
0560S29,Soil 29 ,0,204,255,DEAD
0560SH,Shannon,0,204,255,DEAD
0560WS,Wexford slob,0,204,255,LIVE
0560WSV,Wexford slob variant,0,204,255,DEAD
0570AH,Aherlow,0,204,255,LIVE
0570CN,Clohamon,0,204,255,LIVE
0570FI,Finisk,0,204,255,LIVE
0570IL,Ilen,0,204,255,DEAD
0570LF,Liffey,0,204,255,DEAD
0570MH,Manch,0,204,255,DEAD
0570MK,Mulkear,0,204,255,DEAD
0570ML,Mealagh,0,204,255,DEAD
0570RS,Rooskagh,0,204,255,DEAD
0570SU,Suir,0,204,255,LIVE
0570UN11,UNnamed_11,0,204,255,DEAD
0570UN12,UNnamed_12,0,204,255,DEAD
0572FN,Finnery River,0,204,255,DEAD
0572MP,Milltownpass,0,204,255,DEAD
0572RY,Rearymore,0,204,255,DEAD
0572UN13,UNnamed_13,0,204,255,DEAD
0572UN62,UNnamed_62,0,204,255,DEAD
0600BC,Ballyknock,204,153,255,DEAD
0600BM,Belmullet,204,153,255,DEAD
0600BN,Ballinruan,204,153,255,DEAD
0600GH,Garryhinch Series 2,204,153,255,DEAD
0600GL,Glandine,204,153,255,LIVE
0600KO,Knockroe,204,153,255,LIVE
0600KP,Kilpierce,204,153,255,LIVE
0600LG,Lissagriffin,204,153,255,LIVE
0600NGG1,NGG1,204,153,255,DEAD
0600NGG3,NGG3,204,153,255,DEAD
0600SBN,Slieve Bloom non Peaty Phase,204,153,255,DEAD
0600SN,Sellernaun,204,153,255,DEAD
0600TN,Trean,204,153,255,DEAD
0600UN10,UNnamed_10,204,153,255,DEAD
0600UN43,UNnamed_43,204,153,255,DEAD
0610AG,Annagh,204,153,255,LIVE
0610DN,Derrynasaggart,204,153,255,LIVE
0630GE,Greenane,204,153,255,LIVE
0630HT,Heathtown,204,153,255,LIVE
0636BR,Bree,204,153,255,LIVE
0636CL,Corlea,204,153,255,LIVE
0650ATP,Athy Poorly Drained,204,153,255,DEAD
0650AX,Allenwood Complex,204,153,255,DEAD
0650CK,Clonlisk,204,153,255,DEAD
0650CS,Clonaslee,204,153,255,LIVE
0650DW,Dunnstown,204,153,255,DEAD
0650GH,Garryhinch Series 1,204,153,255,DEAD
0650KL,Kilpatrick,204,153,255,DEAD
0650MN,Mountrath,204,153,255,DEAD
0650MT,Mylerstown,204,153,255,LIVE
0650MTI,Mylerstown imperfectly drained phase,204,153,255,DEAD
0650PT,Painestown ,204,153,255,DEAD
0650UN45,UNnamed_45,204,153,255,DEAD
0650UN46,UNnamed_46,204,153,255,DEAD
0651CL,Cloonmore,204,153,255,LIVE
0656AQ,Attyquin,204,153,255,DEAD
0656BS,Ballyshear,204,153,255,LIVE
0656BT,Ballintemple,204,153,255,LIVE
0656GH,Garryhinch Series 3,204,153,255,DEAD
0660BH,Bawnrush,204,153,255,DEAD
0660BK,Ballyknockan,204,153,255,LIVE
0660BM,Ballymacart,204,153,255,DEAD
0660BO,Belmount,204,153,255,DEAD
0660BU,Ballinrush,204,153,255,DEAD
0660BW,Ballywilliam,204,153,255,LIVE
0660CL,Callan,204,153,255,LIVE
0660CW,Clowater,204,153,255,DEAD
0660DG,Derrygarren,204,153,255,DEAD
0660GH,Glassheenahielan,204,153,255,DEAD
0660KM,Knockmullgurry,204,153,255,DEAD
0660KT,Knuttery,204,153,255,LIVE
0660LT,Letter,204,153,255,DEAD
0660NGG10,NGG10,204,153,255,DEAD
0660NGG13,NGG13,204,153,255,DEAD
0660NN,Noonan,204,153,255,LIVE
0660NT,Newtown,204,153,255,LIVE
0660OL,Oulartleigh,204,153,255,DEAD
0660PU,Puckane ,204,153,255,LIVE
0660PUA,Puckane Alkaline Parent Material Phase,204,153,255,DEAD
0660PUP,Puckane Peaty Phase,204,153,255,DEAD
0660PUS,Puckane Slightly Peaty Phase,204,153,255,DEAD
0660RK,Roosky,204,153,255,LIVE
0660RL,Raheenleigh,204,153,255,DEAD
0660S04,Soil 4,204,153,255,DEAD
0660S04a,Soil 4a,204,153,255,DEAD
0660S04b,Soil 4b,204,153,255,DEAD
0660S05,Soil 5,204,153,255,DEAD
0660S05a,Soil 5a,204,153,255,DEAD
0660S05b,Soil 5b,204,153,255,DEAD
0660S09,Soil 9,204,153,255,DEAD
0660SB,Slieve Bloom,204,153,255,DEAD
0660SBS,Slieve Bloom steep Phase,204,153,255,DEAD
0660SBU,Slieve Bloom undulating Phase,204,153,255,DEAD
0660TB,Toberbride,204,153,255,DEAD
0660TK,Tourmakeady,204,153,255,LIVE
0660TS,Templeshanbo,204,153,255,DEAD
0660TV,Tallavbaun,204,153,255,DEAD
0660TVB,Tallavbaun Bouldery Phase,204,153,255,DEAD
0660TVP,Tallavbaun Peaty Phase,204,153,255,DEAD
0660UN44,UNnamed_44 ,204,153,255,DEAD
0660UN61,UNnamed_61,204,153,255,DEAD
0690KOA,Knockroe anthropic,204,153,255,LIVE
0700AB,Ashbourne,141,180,226,DEAD
0700ABS,Ashbourne Shaley Phase,141,180,226,DEAD
0700AF,Abbeyfeale,141,180,226,DEAD
0700AFN,Abbeyfeale non-peaty phase,141,180,226,DEAD
0700AFS,Abbeyfeale Sandy phase,141,180,226,DEAD
0700AFU,Abbeyfeale Undulating phase,141,180,226,DEAD
0700BB,Ballybrannagh,141,180,226,LIVE
0700BH,Ballyhaise,141,180,226,DEAD
0700BP,Ballypierce Variant,141,180,226,DEAD
0700BY,Ballyphilip,141,180,226,LIVE
0700CH,Clohernagh,141,180,226,DEAD
0700CK,Coolykereen,141,180,226,LIVE
0700DK,Drumkeeran,141,180,226,LIVE
0700DKP,Drumkeeran Peaty phase,141,180,226,DEAD
0700GS,Garristown,141,180,226,DEAD
0700GV,Garvagh,141,180,226,DEAD
0700KC,Kilcommon,141,180,226,DEAD
0700KCR,Kilcreen,141,180,226,LIVE
0700KD,Killadangan,141,180,226,DEAD
0700KR,Kilrush,141,180,226,LIVE
0700KT,Kiltyclogher,141,180,226,DEAD
0700LC,Lismeelcunnin,141,180,226,LIVE
0700MC,Macamore,141,180,226,LIVE
0700NSG1,NSG1,141,180,226,DEAD
0700NSG7,NSG7,141,180,226,DEAD
0700NSG8,NSG8,141,180,226,DEAD
0700NW,Newport,141,180,226,LIVE
0700PN,Parknakyle,141,180,226,DEAD
0700RG,Rinnagowna,141,180,226,DEAD
0700RO,Rathangan,141,180,226,DEAD
0700SR,Street,141,180,226,DEAD
0700SRN,Street New Red Sandstone Variant,141,180,226,DEAD
0700ST,Straffan,141,180,226,LIVE
0700STW,Salterstown,141,180,226,DEAD
0700TR,Tramore,141,180,226,LIVE
0700UN08,UNnamed_08,141,180,226,DEAD
0700UN09,UNnamed_09,141,180,226,DEAD
0700UN59,UNnamed_59,141,180,226,DEAD
0700UN98,UNnamed_98,141,180,226,DEAD
0700UN99,UNnamed_99,141,180,226,DEAD
0700WF,Waterford,141,180,226,DEAD
0760AFP,Abbeyfeale peaty phase,141,180,226,DEAD
0760AG,Aglish,141,180,226,DEAD
0760BB,Ballynabreen,141,180,226,LIVE
0760BG,Ballygree,141,180,226,LIVE
0760BL,Ballyhaise lithic phase,141,180,226,LIVE
0760BN,Ballinamore,141,180,226,LIVE
0760BNL,Bunalunn,141,180,226,DEAD
0760CC,Castlecomer,141,180,226,DEAD
0760CG,Cluggin,141,180,226,LIVE
0760CK,Coolnakisha,141,180,226,DEAD
0760DD,Dodard,141,180,226,DEAD
0760DY,Driminidy,141,180,226,LIVE
0760GL,Glan,141,180,226,DEAD
0760GN,Gortaclareen,141,180,226,LIVE
0760HN,Howardstown,141,180,226,LIVE
0760KC,NSG17,141,180,226,DEAD
0760KCP,Kilcommon peaty phase,141,180,226,DEAD
0760LC,Lickey,141,180,226,DEAD
0760ME,Mothel,141,180,226,DEAD
0760MM,Mountminnett,141,180,226,DEAD
0760MN,Moanduff,141,180,226,DEAD
0760NSG12,NSG12,141,180,226,DEAD
0760RD,Raheenduff,141,180,226,DEAD
0760RDI,Raheenduff imperfectly drained phase,141,180,226,DEAD
0760RH,Rahelty,141,180,226,LIVE
0760RT,Rootiagh,141,180,226,DEAD
0760SK,Seskinrea,141,180,226,DEAD
0760SW,Sawyerswood,141,180,226,DEAD
0790KRA,Kilrush anthropic,141,180,226,LIVE
0800BN,Ballycondon,128,128,0,LIVE
0800BP,Brockagh,128,128,0,LIVE
0800BR,Black Rock Mountain,128,128,0,LIVE
0800BS,Ballyscanlon,128,128,0,LIVE
0800BY,Ballinagilky,128,128,0,DEAD
0800CD,Cardtown,128,128,0,DEAD
0800DS,Drumslig,128,128,0,LIVE
0800MB,Massbrook,128,128,0,DEAD
0800MBB,Massbrook bouldery phase,128,128,0,DEAD
0800MBP,Massbrook peaty phase,128,128,0,DEAD
0800RD,Roddenagh,128,128,0,LIVE
0800S03,Soil 3,128,128,0,DEAD
0800S03a,Soil 3a,128,128,0,DEAD
0800S08,Soil 8,128,128,0,DEAD
0800SG,Slievebeag,128,128,0,DEAD
0800SP,Stonepark,128,128,0,DEAD
0800UN34,UNnamed_34,128,128,0,DEAD
0820AH,Ahaun,128,128,0,DEAD
0820BK,Brackloon,128,128,0,LIVE
0830CM,Coumduff,128,128,0,LIVE
0830KD,Killadoon,128,128,0,DEAD
0830KDB,Killadoon bouldery phase,128,128,0,DEAD
0830KDP,Killadoon bouldery phase,128,128,0,DEAD
0830UN35,UNnamed_35,128,128,0,DEAD
0830UN36,UNnamed_36,128,128,0,DEAD
0830UN37,UNnamed_37,128,128,0,DEAD
0843BA,NPO6,128,128,0,DEAD
0843BL,Blackstairs,128,128,0,LIVE
0843BRC,Black Rock Mountain,128,128,0,DEAD
0843CG,Coolnagoppoge,128,128,0,DEAD
0843DG,Derrygorman,128,128,0,DEAD
0843DGD,Derrygorman deeper,128,128,0,DEAD
0843DO,Dooncarton,128,128,0,DEAD
0843DS,Drumsleed,128,128,0,DEAD
0843DSP,Drumsleed Peaty phase,128,128,0,DEAD
0843FC,Forth Commons,128,128,0,LIVE
0843GL,Glenary,128,128,0,LIVE
0843GM,Glanmore,128,128,0,DEAD
0843IC,Inch,128,128,0,DEAD
0843KA,Killinga,128,128,0,DEAD
0843KI,Knockanimpaha,128,128,0,DEAD
0843KL,Knockalisheen,128,128,0,DEAD
0843KS,Knockastanna,128,128,0,LIVE
0843KSP,Knockastanna peaty phase,128,128,0,DEAD
0843KT,Knockanattin,128,128,0,DEAD
0843KTB,Knockanattin bouldery phase,128,128,0,DEAD
0843KTP,Knockanattin peaty phase,128,128,0,DEAD
0843KYP,Knockeyon slightly peaty podzol variant,128,128,0,DEAD
0843LB,Letterbrock,128,128,0,DEAD
0843LBB,Letterbrock bouldery phase,128,128,0,DEAD
0843LO1,Lougher ,128,128,0,DEAD
0843LO2,Lougher ,128,128,0,DEAD
0843MV,Monavullagh,128,128,0,LIVE
0843RM,Rossmore,128,128,0,DEAD
0843SF,Seefin,128,128,0,DEAD
0843TH,Temple Hill variant,128,128,0,DEAD
0843UN66,UNnamed_66,128,128,0,DEAD
0860AD,Ardroe,128,128,0,DEAD
0860ARD,Ardrinane,128,128,0,LIVE
0860BA,Barnamire,128,128,0,LIVE
0860BE,Beltra,128,128,0,DEAD
0860BG,Ballyglasheen,128,128,0,LIVE
0860CB,Carrickbyrne,128,128,0,LIVE
0860CG,Carrowgavneen,128,128,0,LIVE
0860CL,Conlawn,128,128,0,DEAD
0860GB,Glenbough Variant,128,128,0,LIVE
0860GG,Gortaloughhane,128,128,0,LIVE
0860KE,Knockcommane,128,128,0,DEAD
0860KEV,Knockcommane variant,128,128,0,DEAD
0860PO,Portlaw,128,128,0,LIVE
0860S06,Soil 6,128,128,0,DEAD
0860SH,Sandhills variant,128,128,0,DEAD
0860UN38,UNnamed_38,128,128,0,DEAD
0860UN58,UNnamed_58,128,128,0,DEAD
0890SL1,Slieve (Type 1),128,128,0,DEAD
0900AY,Accony,204,255,204,DEAD
0900CA,Carne,204,255,204,DEAD
0900CH,Callaghane,204,255,204,DEAD
0900CN,Clonin,204,255,204,LIVE
0900CO,Cooga,204,255,204,LIVE
0900CU,Cupidstownhill,204,255,204,LIVE
0900DM,Drimoleague,204,255,204,DEAD
0900DR,Drummin,204,255,204,DEAD
0900DRB,Drummin Bouldery phase,204,255,204,DEAD
0900FN,Finnea,204,255,204,DEAD
0900GUR,Gurteen,204,255,204,DEAD
0900KG,Kilnageer,204,255,204,DEAD
0900KL,Kyleva,204,255,204,DEAD
0900KSB,Knockastanna,204,255,204,DEAD
0900KY,Kiltealy,204,255,204,LIVE
0900MD,Madore,204,255,204,DEAD
0900NBP1,NBP1,204,255,204,DEAD
0900NBP2,NBP2,204,255,204,LIVE
0900NBP4,NBP4,204,255,204,LIVE
0900NBP6,NBP6,204,255,204,DEAD
0900NBP8,NBP8,204,255,204,DEAD
0900NT,Nethertown,204,255,204,DEAD
0900RAT,Rathduff,204,255,204,LIVE
0900RATM,Rathduff Moderately Steep phase,204,255,204,DEAD
0900RKS,Rathkenny Sandy variant,204,255,204,DEAD
0900RO,Ross Carbery,204,255,204,LIVE
0900ROB,Ross Carbery Broken phase,204,255,204,DEAD
0900ROP,Ross Carbery Plaggen,204,255,204,DEAD
0900S02,Soil 2,204,255,204,DEAD
0900S02a,Soil 2a,204,255,204,DEAD
0900SH,Srah,204,255,204,DEAD
0900SL2,Slieve (Type 2),204,255,204,DEAD
0900SN,Screen,204,255,204,LIVE
0900TM,Tomies,204,255,204,LIVE
0900TN,Tiknock,204,255,204,LIVE
0900UN06,UNnamed_06,204,255,204,DEAD
0900UN07,UNNamed_07,204,255,204,DEAD
0900UN29,UNnamed_29,204,255,204,LIVE
0900UN30,UNnamed_30,204,255,204,DEAD
0900UN31,UNnamed_31,204,255,204,DEAD
0900UN90,UNnamed_90,204,255,204,DEAD
0900UN91,UNnamed_91,204,255,204,DEAD
0900WH,Wardhouse,204,255,204,DEAD
0920CG,Clonegall,204,255,204,LIVE
0920TO,Tomard,204,255,204,DEAD
0930CR,Corriga,204,255,204,LIVE
0930CRB,Corriga bouldery phase,204,255,204,DEAD
0930FLM,Flemingstown,204,255,204,LIVE
0930NBP17,NBP17,204,255,204,DEAD
0930NBP22,NBP22,204,255,204,DEAD
0930RMV,Rathduff mottled variant,204,255,204,DEAD
0930UN33,UNnamed_33,204,255,204,DEAD
0936AM,Ardmoelode,204,255,204,LIVE
0936BA,Bawn,204,255,204,LIVE
0936LT,Loughatooma,204,255,204,LIVE
0960BE,Borrisoleigh,204,255,204,LIVE
0960BES,Borrisoleigh steep phase,204,255,204,DEAD
0960BR,Ballybrood,204,255,204,DEAD
0960CB,Carrigblagher ,204,255,204,DEAD
0960CM,Crossmolina,204,255,204,DEAD
0960DL,Doonglara,204,255,204,DEAD
0960KA,Killnageer,204,255,204,DEAD
0960KB,Knockboy,204,255,204,LIVE
0960KC,Knockaceol,204,255,204,LIVE
0960KCB ,Knockaceol bouldery phase,204,255,204,DEAD
0960KCP ,Knockaceol peaty phase,204,255,204,DEAD
0960MS,Mountcollins,204,255,204,DEAD
0960NBP14,NBP14,204,255,204,DEAD
0960RE,Reanascreena,204,255,204,DEAD
0960RG,Ridge,204,255,204,DEAD
0960RK,Rathkenny,204,255,204,LIVE
0960RKM,Rathkenny Moderately Steep Phase,204,255,204,DEAD
0960SC,Slievecoiltia,204,255,204,DEAD
0960UN32,UNnamed_32,204,255,204,DEAD
0960UN94,UNnamed_94,204,255,204,DEAD
0960UN96,UNnamed_96,204,255,204,DEAD
0960UN97,UNnamed_97,204,255,204,DEAD
0990MT,Monatray,204,255,204,DEAD
0990ROV,Ross Carbery variant,204,255,204,DEAD
1000AT,Athy,255,153,204,DEAD
1000ATD,Athy moderately deep component,255,153,204,DEAD
1000BC,Ballycastle,255,153,204,DEAD
1000BK,Ballinakill,255,153,204,DEAD
1000BT,Bennettsbridge,255,153,204,DEAD
1000BY,Ballynamona,255,153,204,LIVE
1000CC,Clooncarreen,255,153,204,DEAD
1000CG,Cloongeel,255,153,204,LIVE
1000DB,Dunboyne,255,153,204,LIVE
1000DBG,Dunboyne Gravelly phase,255,153,204,DEAD
1000DBS,Dunboyne Shaley phase,255,153,204,DEAD
1000DG,Dungarvan,255,153,204,LIVE
1000DK,Dromkeen,255,153,204,LIVE
1000ET,Elton,255,153,204,LIVE
1000FT,Fontstown,255,153,204,DEAD
1000GA,Grange,255,153,204,DEAD
1000GW,Graceswood,255,153,204,DEAD
1000HH,Hook Head,255,153,204,DEAD
1000KB,Knockbeg,255,153,204,DEAD
1000KBS,Knockbeg stony phase,255,153,204,DEAD
1000KK,Knock,255,153,204,DEAD
1000KL,Kellistown,255,153,204,LIVE
1000KM,Kilmeaden,255,153,204,DEAD
1000KYV,Knockainy Variant,255,153,204,DEAD
1000MT,Mortarstown,255,153,204,DEAD
1000NLU1,NLU1,255,153,204,DEAD
1000PU,Paulstown,255,153,204,DEAD
1000PW,Patrickswell,255,153,204,DEAD
1000PWB,Patrickswell bouldery phase,255,153,204,DEAD
1000PWL,Patrickswell lithic phase,255,153,204,LIVE
1000PWP,Patrickswell Steep Variant,255,153,204,DEAD
1000PWR,Patrickswell rocky phase,255,153,204,DEAD
1000PWS,Patrickswell shallow variant,255,153,204,DEAD
1000RC,Rathcannon,255,153,204,DEAD
1000RV,Rathvinden,255,153,204,DEAD
1000SY,Stradbally,255,153,204,DEAD
1000SYR,Stradbally Rocky Phase,255,153,204,DEAD
1000UN21,UNnamed_21,255,153,204,DEAD
1000UN22,Unnamed_22,255,153,204,DEAD
1000UN23,Unnamed_23,255,153,204,DEAD
1000UN24,UNnamed_24,255,153,204,DEAD
1000UN64,UNnamed_64,255,153,204,DEAD
1000UN81,UNnamed_81,255,153,204,DEAD
1000WT,Whitegate variant,255,153,204,DEAD
1020CB,Crossabeg,255,153,204,LIVE
1020DA,Daars,255,153,204,DEAD
1020JH,Johnstown,255,153,204,LIVE
1020UN25,UNnamed_25,255,153,204,DEAD
1020UN26,UNnamed_26,255,153,204,DEAD
1026AD,Ardeen,255,153,204,LIVE
1030BD,Ballydoole,255,153,204,DEAD
1030BG,Ballinabranagh,255,153,204,DEAD
1030CO,Crosstown,255,153,204,LIVE
1030DC,Donaghcumper,255,153,204,DEAD
1030FE,Fethard,255,153,204,DEAD
1030FH,Fahy,255,153,204,DEAD
1030GT,Gortavoher,255,153,204,LIVE
1030LG,Laughil,255,153,204,LIVE
1030MT,Milltown,255,153,204,LIVE
1030RA,Rathowen,255,153,204,LIVE
1030RAC,Rathowen Cherty Phase,255,153,204,DEAD
1030UN111,Unnamed_111,255,153,204,DEAD
1030UN27,UNnamed_27,255,153,204,DEAD
1030UN28,UNnamed_28,255,153,204,DEAD
1030UN56,UNnamed_56,255,153,204,DEAD
1030UN57,Unnamed_57,255,153,204,DEAD
1030UN88,UNnamed_88,255,153,204,DEAD
1036BF,Ballyduff,255,153,204,LIVE
1060CG,NLU6SAND,255,153,204,DEAD
1060DK,NLU6SHL,255,153,204,DEAD
1060LD,Lisdillure,255,153,204,LIVE
1060NLU4,NLU_4,255,153,204,DEAD
1060UN86,UNnamed_86,255,153,204,DEAD
1090BA,Bannow,255,153,204,DEAD
1100AU,Acaun,255,204,0,DEAD
1100BA,Baldwinstown,255,204,0,DEAD
1100BC,Ballynalacken,255,204,0,DEAD
1100BD,Ballindaggan,255,204,0,DEAD
1100BG,Ballyglass,255,204,0,LIVE
1100BL,Broomhill,255,204,0,LIVE
1100BM,Ballymacool,255,204,0,LIVE
1100BN,Baunreagh,255,204,0,DEAD
1100BNS,Baunreagh steep phase,255,204,0,DEAD
1100BO,Borris,255,204,0,LIVE
1100BR,Broughillstown,255,204,0,DEAD
1100BRD,Broughillstown Deep Phase,255,204,0,DEAD
1100BRS,Broughillstown Shallow Phase,255,204,0,DEAD
1100BT,Ballytarsna,255,204,0,DEAD
1100BV,Ballyvorheen,255,204,0,LIVE
1100BY,Ballylanders,255,204,0,LIVE
1100CL,Clonroche,255,204,0,LIVE
1100CM,Clashmore,255,204,0,LIVE
1100DA,Dungavan,255,204,0,DEAD
1100DK,Derk,255,204,0,DEAD
1100DKL,Derk Lithosol Variant,255,204,0,DEAD
1100DKS,Derk Shaley Phase,255,204,0,DEAD
1100DO,Dovea,255,204,0,LIVE
1100DP,Deerpark variant,255,204,0,DEAD
1100DY,Dooyork,255,204,0,DEAD
1100FN,Finnea,255,204,0,DEAD
1100HT,Hughstown,255,204,0,DEAD
1100KB,Kilbeheny,255,204,0,DEAD
1100KC,Kennycourt,255,204,0,LIVE
1100KE,Kells,255,204,0,LIVE
1100KEG,Kilfergus,255,204,0,DEAD
1100KH,Knocknaskeha,255,204,0,DEAD
1100KI,Kill,255,204,0,LIVE
1100KIL,Kill lithic phase,255,204,0,DEAD
1100KL,Keeloge,255,204,0,DEAD
1100KN,Killinick,255,204,0,DEAD
1100KQ,Knocksquire,255,204,0,LIVE
1100KV,Kinvarra,255,204,0,DEAD
1100KVB,Kinvarra Bouldery phase,255,204,0,DEAD
1100KVW,Kinvarra,255,204,0,DEAD
1100LA,Ladestown,255,204,0,LIVE
1100MB,Mullabane,255,204,0,LIVE
1100NBE1,NBE1,255,204,0,DEAD
1100NBE3,NBE3,255,204,0,DEAD
1100NBE4,NBE4,255,204,0,DEAD
1100OR,Old Ross,255,204,0,DEAD
1100RAB,Rathowen Brown Earth Variant,255,204,0,DEAD
1100RG,Ridge,255,204,0,DEAD
1100RGS,Ridge Steep phase,255,204,0,DEAD
1100RGY,Ridge Stony phase,255,204,0,DEAD
1100RM,Randallsmill,255,204,0,DEAD
1100S01,Soil 1,255,204,0,DEAD
1100S01a,Soil 1a,255,204,0,DEAD
1100SG,Scraggen ,255,204,0,DEAD
1100UN03,UNnamed_03,255,204,0,DEAD
1100UN65,UNnamed_65,255,204,0,DEAD
1100UN71,UNnamed_71,255,204,0,DEAD
1100WP,Waterpark,255,204,0,DEAD
1120BK,Ballylusky,255,204,0,LIVE
1120BY,Broadway,255,204,0,DEAD
1120CT,Castlebar,255,204,0,DEAD
1120EK,Eskaheen,255,204,0,LIVE
1120KN,Knock,255,204,0,LIVE
1120NBE6,NBE6,255,204,0,DEAD
1120NBE9,NBE9,255,204,0,DEAD
1120RA,Rathmoyle,255,204,0,DEAD
1120UN110,Unnamed_110,255,204,0,DEAD
1120UN16,UNnamed_16,255,204,0,LIVE
1126NI,NewInn,255,204,0,LIVE
1130AM,Ambrosetown,255,204,0,DEAD
1130CC,Curracitty,255,204,0,LIVE
1130CM,Castlemoyle,255,204,0,LIVE
1130DG,Duarrigle,255,204,0,LIVE
1130GT,Glantane,255,204,0,LIVE
1130KC,Knockreagh,255,204,0,LIVE
1130LB,Labadoo,255,204,0,LIVE
1130LO,Loughmuirran,255,204,0,DEAD
1130MF,Musicfield,255,204,0,LIVE
1130MO,Moord,255,204,0,LIVE
1130NBE22,NBE22,255,204,0,DEAD
1130TN,Tooreenbane,255,204,0,LIVE
1130TU,Tullig,255,204,0,DEAD
1130UN17,UNnamed_17,255,204,0,DEAD
1130UN18,Unnamed_18,255,204,0,DEAD
1130UN19,Unnamed_19,255,204,0,DEAD
1130UN52,UNnamed_52,255,204,0,DEAD
1130UN53,Unnamed_53,255,204,0,DEAD
1130UN76,UNnamed_76,255,204,0,DEAD
1130UN77,Unnamed_77,255,204,0,DEAD
1136GV,Gneaves,255,204,0,LIVE
1136KF,Killyfinla,255,204,0,LIVE
1150BC,Ballincurra,255,204,0,LIVE
1150BG,Baggotstown,255,204,0,LIVE
1150BGD,Baggotstown deep variant,255,204,0,DEAD
1150BGH,Baggotstown hummocky phase,255,204,0,DEAD
1150CH,Cullahill,255,204,0,LIVE
1150CN,Coolnaha,255,204,0,LIVE
1150FO,Faoldroim,255,204,0,LIVE
1150KF,Kilfenora,255,204,0,LIVE
1150NBE31,NBE31,255,204,0,DEAD
1150UN05,UNnamed_05,255,204,0,DEAD
1150UN20,Unnamed_20,255,204,0,DEAD
1152UN78,UNnamed_78,255,204,0,DEAD
1153CK,Carnakelly,255,204,0,LIVE
1153FT,Feltrim,255,204,0,LIVE
1153UN54,UN54,255,204,0,DEAD
1156CR,Carroward,255,204,0,LIVE
1156HA,Hundredacres,255,204,0,LIVE
1156KK,Knockaun,255,204,0,LIVE
1159CU,Curragh,255,204,0,DEAD
1160AL,Aille,255,204,0,LIVE
1160AS,Ashgrove,255,204,0,LIVE
1160BB,Bantry Bay,255,204,0,DEAD
1160BH,Blackhill,255,204,0,LIVE
1160BN,Brosna,255,204,0,LIVE
1160CG,Carrigogunnel,255,204,0,LIVE
1160CR,Croghan,255,204,0,DEAD
1160CS,Crossabeagh,255,204,0,LIVE
1160CV,Cloverfield,255,204,0,DEAD
1160DO,Dooaghs,255,204,0,LIVE
1160NBE11,NBE11,255,204,0,DEAD
1160NBE12,NBE12,255,204,0,DEAD
1160NBE13,NBE13,255,204,0,DEAD
1160NBE17,NBE17,255,204,0,LIVE
1160NBE18,NBE18,255,204,0,DEAD
1160RM,Renaghmore,255,204,0,LIVE
1160SH,Schull,255,204,0,LIVE
1160SHY,Schull Rocky Variant ,255,204,0,DEAD
1160UN72,UNnamed_72,255,204,0,DEAD
1160UN73,UNnamed_73,255,204,0,DEAD
1160UN74,UNnamed_74,255,204,0,DEAD
1160WO,Wonderhill,255,204,0,LIVE
1190AR,Ardmore,255,204,0,DEAD
1190CMA,Clashmore anthropic,255,204,0,LIVE
1196ASA,Ashgrove anthropic,255,204,0,LIVE
1196SHP,Schull Plaggen,255,204,0,DEAD
1196SHV,Schull variant,255,204,0,DEAD
