National_Series_Id,National_Series,Modern_Definition,Texture,Substrate_Type,Substrate_1,Substrate_2,Subgroup_Name,GreatGroup_Name,Red_Value,Green_Value,Blue_Value,PhotoArray,Live,Modern_Correlative_Code,Modern_Correlative_Name,RepProfileCount,series_id
0110AE,Allen,Peat (Raised Bog {moss}),Peat,Peat,Peat,Raised Bog {moss},Natural Ombrotrophic Peat Soils,Ombrotrophic,112,107,102,[],LIVE,0110AE,Allen,1,0110AE
0110AT,Aughty,Peat (Blanket Bog),Peat,Peat,Peat,Blanket Bog,Natural Ombrotrophic Peat Soils,Ombrotrophic,112,107,102,[],LIVE,0110AT,Aughty,1,0110AT
0110KM,Knockmealdown,Peat over rock,Peat,over rock,bedrock,,Natural Ombrotrophic Peat Soils,Ombrotrophic,112,107,102,[],LIVE,0110KM,Knockmealdown,1,0110KM
0170ATD,Aughty drained,Peat (Blanket Bog),Peat,Peat,Peat,Blanket Bog,Drained Ombrotrophic Peat Soils,Ombrotrophic,112,107,102,"['RPV75BR01_P1030201.JPG', 'RPV75BR01_P1030205.JPG']",LIVE,0170ATD,Aughty drained,1,0170ATD
0170GN,Garrynamona,Peat (Raised Bog),Peat,Peat,Peat,Raised Bog,Drained Ombrotrophic Peat Soils,Ombrotrophic,112,107,102,[],LIVE,0170GN,Garrynamona,1,0170GN
0180ATC,Aughty cutover,Peat (Blanket Bog),Peat,Peat,Peat,Blanket Bog,Cut-over Ombrotrophic Peat Soils,Ombrotrophic,112,107,102,"['RPV86GJ01_DSCN1000.JPG', 'RPV86GJ01_DSCN1012.JPG']",LIVE,0180ATC,Aughty cutover,1,0180ATC
0180GM,Gortnamona,Peat (Raised Bog),Peat,Peat,Peat,Raised Bog,Cut-over Ombrotrophic Peat Soils,Ombrotrophic,112,107,102,[],LIVE,0180GM,Gortnamona,1,0180GM
0180TB,Turbary,"Peat (Raised Bog, undrained, hand-cut)",Peat,Peat,Peat,"Raised Bog, undrained, hand-cut",Cut-over Ombrotrophic Peat Soils,Ombrotrophic,112,107,102,[],LIVE,0180TB,Turbary,1,0180TB
0190CS,Clonsast,"Peat (Raised Bog, Industrial milled and machined)",Peat,Peat,Peat,"Raised Bog, Industrial milled and machined",Industrial Ombrotrophic Peat Soils,Ombrotrophic,112,107,102,[],LIVE,0190CS,Clonsast,0,0190CS
0210KR,Kilbarry,Peat over river alluvium,Peat,over river alluvium,alluvium,river,Natural Minerotrophic Peat Soils,Minerotrophic,112,107,102,[],LIVE,0210KR,Kilbarry,1,0210KR
0210PT,Pollardstown,"Peat (Fen, undrained)",Peat,Peat,Peat,"Fen, undrained",Natural Minerotrophic Peat Soils,Minerotrophic,112,107,102,[],LIVE,0210PT,Pollardstown,1,0210PT
0270BR,Banagher,Peat (Fen),Peat,Peat,Peat,Fen,Drained Minerotrophic Peat Soils,Minerotrophic,112,107,102,"['RPH80BR01_P1020985.JPG', 'RPH80BR01_P1020992.JPG']",LIVE,0270BR,Banagher,1,0270BR
0300BD,Ballydeloughy,Loamy over limestone bedrock,Loamy,over limestone bedrock,bedrock,limestone,Typical Rendzinas,Rendzina,255,255,0,"['RPR70BR01_P1100239.JPG', 'RPR70BR01_P1100243.JPG']",LIVE,0300BD,Ballydeloughy,1,0300BD
0300SE,Seafield,Sandy stoneless drift,Sandy,stoneless  drift ,drift,stoneless,Typical Rendzinas,Rendzina,255,255,0,[],LIVE,0300SE,Seafield,1,0300SE
0310CL,Castletaylor,Loamy over limestone bedrock,Loamy,over limestone bedrock,bedrock,limestone,Histic Rendzinas,Rendzina,255,255,0,"['RPM41BR01_P1100374.JPG', 'RPM41BR01_P1100380.JPG']",LIVE,0310CL,Castletaylor,1,0310CL
0360BU,Burren,Fine loamy over limestone bedrock,Fine loamy,over limestone bedrock,bedrock,limestone,Humic Rendzinas,Rendzina,255,255,0,[],LIVE,0360BU,Burren,1,0360BU
0360CS,Crush,Coarse loamy over calcareous gravels,Coarse loamy,over calcareous gravels,bedrock,calcareous gravels,Humic Rendzinas,Rendzina,255,255,0,"['RPM52BR02_P1100346.JPG', 'RPM52BR02_P1100351.JPG']",LIVE,0360CS,Crush,1,0360CS
0400AH,Altahalla,Loamy over lithoskeletal gneiss and schist,Loamy,over lithoskeletal gneiss and schist,bedrock,gneiss and schist,Typical Lithosols,Lithosol,153,51,0,['RPC34BR01_P1090876.JPG'],LIVE,0400AH,Altahalla,1,0400AH
0400CC,Cappacorcoge,Loamy over non-calcareous gravels,Loamy,over non-calcareous gravels,bedrock,non-calcareous gravels,Typical Lithosols,Lithosol,153,51,0,"['RPM15BR01_P1100382.JPG', 'RPM15BR01_P1100385.JPG']",LIVE,0400CC,Cappacorcoge,1,0400CC
0400CT,Castletown,Decalcified loamy over lithoskeletal limestone,Loamy,over lithoskeletal limestone,bedrock,limestone,Typical Lithosols,Lithosol,153,51,0,"['RPM15BR02_P1100409.JPG', 'RPM15BR02_P1100415.JPG']",LIVE,0400CT,Castletown,1,0400CT
0400FG,Figar,Loamy over sandstone bedrock,Loamy,over sandstone bedrock,bedrock,sandstone,Typical Lithosols,Lithosol,153,51,0,"['RPC03BR01_P1090890.JPG', 'RPC03BR01_P1090898.JPG']",LIVE,0400FG,Figar,1,0400FG
0400GL,Glenlane,Loamy over shale bedrock,Loamy,over shale bedrock,bedrock,shale,Typical Lithosols,Lithosol,153,51,0,"['RPC42BR04_P1090872.JPG', 'RPC42BR04_P1090875.JPG', 'RPJ00BR01_P1030014.JPG', 'RPJ00BR01_P1030018.JPG', 'RPQ50GJ01_DSCN0689.JPG', 'RPQ50GJ01_DSCN0705.JPG', 'RPS23RC24_P1020962.JPG', 'RPS23RC24_P1020964.JPG', 'RPW98OS01_P1030416.JPG', 'RPW98OS01_P1030417.JPG']",LIVE,0400GL,Glenlane,1,0400GL
0410BA,Bantry,Peat over sandstone and shale bedrock,Peat,sandstone and shale bedrock,bedrock,sandstone and shale,Histic Lithosols,Lithosol,153,51,0,"['RPR02BR01_P1030075.JPG', 'RPR02BR01_P1030078.JPG']",LIVE,0410BA,Bantry,1,0410BA
0410BT,Ballintroohan,Peat over lithoskeletal gneiss and schist,Peat,over lithoskeletal gneiss and schist,bedrock,gneiss and schist,Histic Lithosols,Lithosol,153,51,0,"['RPC64BR02_P1090884.JPG', 'RPC64BR02_P1090888.JPG']",LIVE,0410BT,Ballintroohan,1,0410BT
0410CV,Carrigvahanagh,Peat over lithoskeletal acid igneous rock,Peat,over lithoskeletal acid igneous rock,bedrock,acid igneous,Histic Lithosols,Lithosol,153,51,0,"['RPO21BR01_P1020840.JPG', 'RPO21BR01_P1020843.JPG']",LIVE,0410CV,Carrigvahanagh,1,0410CV
0460KK,Kilkieran,Loamy over lithoskeletal acid and basic igneous bedrock,Loamy,over lithoskeletal acid and basic igneous bedrock,bedrock,acid and basic igneous,Humic Lithosols,Lithosol,153,51,0,"['RPL83BR01_P1100308.JPG', 'RPL83BR01_P1100310.JPG']",LIVE,0460KK,Kilkieran,1,0460KK
0460KW,Knockshigowna,Loamy over lithoskeletal shale and slate bedrock,Loamy,over lithoskeletal shale and slate bedrock,bedrock,shale and slate,Humic Lithosols,Lithosol,153,51,0,"['RPW57BR01_P1030402.JPG', 'RPW57BR01_P1030406.JPG']",LIVE,0460KW,Knockshigowna,1,0460KW
0460KY,Knockeyon,Loamy over lithoskeletal sandstone ,Loamy,over lithoskeletal sandstone ,bedrock,sandstone,Humic Lithosols,Lithosol,153,51,0,"['RPQ40BR01_P1030138.JPG', 'RPQ40BR01_P1030142.JPG']",LIVE,0460KY,Knockeyon,1,0460KY
0460RN,Rineanna,Decalcified loamy over lithoskeletal limestone,Loamy,over lithoskeletal limestone,bedrock,limestone,Humic Lithosols,Lithosol,153,51,0,"['RPG63OS01_P1100124.JPG', 'RPG63OS01_P1100126.JPG']",LIVE,0460RN,Rineanna,1,0460RN
0500BO,Boyne,Silty river alluvium,Silty,river alluvium,alluvium,river,Typical Alluvial Gleys,Alluvial,0,204,255,[],LIVE,0500BO,Boyne,0,0500BO
0500GT,Gurteen,Loamy lake alluvium,Loamy,lake alluvium,alluvium,lake,Typical Alluvial Gleys,Alluvial,0,204,255,[],LIVE,0500GT,Gurteen,0,0500GT
0500KG,Kilgory,Sandy river alluvium,Sandy,river alluvium,alluvium,river,Typical Alluvial Gleys,Alluvial,0,204,255,[],LIVE,0500KG,Kilgory,1,0500KG
0500KK,Kilmannock,Silty estuarine alluvium,Silty,estuarine alluvium,alluvium,estuarine,Typical Alluvial Gleys,Alluvial,0,204,255,[],LIVE,0500KK,Kilmannock,1,0500KK
0500LG,Lurganboy,Loamy marine alluvium,Loamy,marine alluvium,alluvium,alluvium,Typical Alluvial Gleys,Alluvial,0,204,255,"['RPO18BR01_P1020936.JPG', 'RPO18BR01_P1020940.JPG', 'RPO18BR02_IMG_1231.jpg', 'RPO18BR02_P1020945.JPG']",LIVE,0500LG,Lurganboy,1,0500LG
0500LY,Lyre,Loamy river alluvium,Loamy,river alluvium,alluvium,river,Typical Alluvial Gleys,Alluvial,0,204,255,"['RPR91BR01_P1100248.JPG', 'RPR91BR01_P1100258.JPG']",LIVE,0500LY,Lyre,1,0500LY
0500VI,Vicarstown,Clayey river alluvium,Clayey,river alluvium,alluvium,river,Typical Alluvial Gleys,Alluvial,0,204,255,[],LIVE,0500VI,Vicarstown,1,0500VI
0550DU,Dunsany,Clayey lake marl,Clayey,lake marl,alluvium,lake,Typical Calacareous Alluvial Gleys,Alluvial,0,204,255,[],LIVE,0550DU,Dunsany,1,0550DU
0550KS,Kilmore Slob,Sandy marine alluvium,Sandy,marine alluvium,alluvium,alluvium,Typical Calacareous Alluvial Gleys,Alluvial,0,204,255,[],LIVE,0550KS,Kilmore Slob,1,0550KS
0550KSV,Kilmore slob variant,Clayey marine alluvium,Clayey,marine alluvium,alluvium,alluvium,Typical Calacareous Alluvial Gleys,Alluvial,0,204,255,[],LIVE,0550KSV,Kilmore slob variant,1,0550KSV
0551AH,Abhainn,Peat over lake alluvium,Peat,over lake alluvium,alluvium,lake,Histic Calcareous Alluvial Soils,Alluvial,0,204,255,"['RPM99GJ01_DSCN0458.JPG', 'RPM99GJ01_DSCN0471.JPG']",LIVE,0551AH,Abhainn,1,0551AH
0556CF,Cornafulla,Loamy river alluvium,Loamy,river alluvium,alluvium,river,Humic Calcareous Alluvial Gleys,Alluvial,0,204,255,"['RPM93BR01_P1100425.JPG', 'RPM93BR01_P1100432.JPG']",LIVE,0556CF,Cornafulla,1,0556CF
0556CN,Coolaknick,Silty lake alluvium,Silty,lake alluvium,alluvium,lake,Humic Calcareous Alluvial Gleys,Alluvial,0,204,255,[],LIVE,0556CN,Coolaknick,1,0556CN
0556DR,Drombanny,Loamy lake alluvium marl,Loamy,lake marl,alluvium,lake,Humic Calcareous Alluvial Gleys,Alluvial,0,204,255,"['RPR50BR01_P1100228.JPG', 'RPR50BR01_P1100237.JPG']",LIVE,0556DR,Drombanny,1,0556DR
0560AG,Ardglass,Loamy lake alluvium,Loamy,lake alluvium,alluvium,lake,Humic Alluvial Gleys,Alluvial,0,204,255,"['RPR41BR02_P1030255.JPG', 'RPR41BR02_P1030262.JPG']",LIVE,0560AG,Ardglass,1,0560AG
0560CA,Camoge,Clayey river alluvium,Clayey,river alluvium,alluvium,river,Humic Alluvial Gleys,Alluvial,0,204,255,[],LIVE,0560CA,Camoge,1,0560CA
0560CL,Coolalough,Clayey lake alluvium,Clayey,lake alluvium,alluvium,lake,Humic Alluvial Gleys,Alluvial,0,204,255,[],LIVE,0560CL,Coolalough,1,0560CL
0560FA,Feale,Silty river alluvium,Silty,river alluvium,alluvium,river,Humic Alluvial Gleys,Alluvial,0,204,255,[],LIVE,0560FA,Feale,1,0560FA
0560GR,Griston,Sandy lake alluvium,Sandy,lake alluvium,alluvium,lake,Humic Alluvial Gleys,Alluvial,0,204,255,[],LIVE,0560GR,Griston,1,0560GR
0560KC,Kilcullen,Loamy river alluvium,Loamy,river alluvium,alluvium,river,Humic Alluvial Gleys,Alluvial,0,204,255,"['RPW48BR07_P1100159.JPG', 'RPW48BR07_P1100168.JPG']",LIVE,0560KC,Kilcullen,1,0560KC
0560MQ,Millquarter,Silty lake alluvium,Silty,lake alluvium,alluvium,lake,Humic Alluvial Gleys,Alluvial,0,204,255,[],LIVE,0560MQ,Millquarter,1,0560MQ
0560WS,Wexford slob,Silty marine alluvium,Silty,marine alluvium,alluvium,alluvium,Humic Alluvial Gleys,Alluvial,0,204,255,[],LIVE,0560WS,Wexford slob,1,0560WS
0570AH,Aherlow,Sandy river alluvium ,Sandy,river alluvium,alluvium,river,Typical Brown Alluvial Soils,Alluvial,0,204,255,[],LIVE,0570AH,Aherlow,1,0570AH
0570CN,Clohamon,Loamy river alluvium ,Loamy,river alluvium,alluvium,river,Typical Brown Alluvial Soils,Alluvial,0,204,255,[],LIVE,0570CN,Clohamon,1,0570CN
0570FI,Finisk,Fine loamy over non-calcareous gravels,Fine loamy,over non-calcareous gravels,bedrock,non-calcareous gravels,Typical Brown Alluvial Soils,Alluvial,0,204,255,"['RPX19BR01_P1100290.JPG', 'RPX19BR01_P1100300.JPG']",LIVE,0570FI,Finisk,1,0570FI
0570SU,Suir,Silty river alluvium ,Silty,river alluvium,alluvium,river,Typical Brown Alluvial Soils,Alluvial,0,204,255,"['RPQ93BR01_P1030032.JPG', 'RPQ93BR01_P1030042.JPG', 'RPQ93BR01_P1030043.JPG']",LIVE,0570SU,Suir,1,0570SU
0600GL,Glandine,Loamy over sandstone bedrock,Loamy,over sandstone bedrock,bedrock,sandstone,Typical Groundwater Gleys,Groundwater Gley,204,153,255,"['RPW48BR05_P1090734.JPG', 'RPW48BR05_P1090742.JPG', 'RPW48GJ02_P1030975 part of it.JPG']",LIVE,0600GL,Glandine,1,0600GL
0600KO,Knockroe,Coarse loamy drift with siliceous stones,Coarse loamy,drift with siliceous stones,drift,siliceous stones,Typical Groundwater Gleys,Groundwater Gley,204,153,255,"['RPQ80GJ01_DSCN0797.JPG', 'RPQ80GJ01_DSCN0810.JPG', 'RPV89BR01_P1030127.JPG', 'RPV89BR01_P1030134.JPG']",LIVE,0600KO,Knockroe,1,0600KO
0600KP,Kilpierce,Fine loamy drift with siliceous stones,Fine loamy,drift with siliceous stones,drift,siliceous stones,Typical Groundwater Gleys,Groundwater Gley,204,153,255,[],LIVE,0600KP,Kilpierce,1,0600KP
0600LG,Lissagriffin,Coarse loamy over shale bedrock,Coarse loamy,over shale bedrock,bedrock,shale,Typical Groundwater Gleys,Groundwater Gley,204,153,255,"['RPV72BR01_P1090811.JPG', 'RPV72BR01_P1090820.JPG']",LIVE,0600LG,Lissagriffin,1,0600LG
0610AG,Annagh,Coarse loamy drift with siliceous stones,Coarse loamy,drift with siliceous stones,drift,siliceous stones,Histic Groundwater Gleys,Groundwater Gley,204,153,255,"['RPQ80BR02_P1030146.JPG', 'RPQ80BR02_P1030150.JPG', 'RPW14BR01_P1090787.JPG', 'RPW14BR01_P1090794.JPG']",LIVE,0610AG,Annagh,1,0610AG
0610DN,Derrynasaggart,Coarse loamy over sandstone bedrock,Coarse loamy,over sandstone bedrock,bedrock,sandstone,Histic Groundwater Gleys,Groundwater Gley,204,153,255,['RPW17BR02_P1090659.JPG'],LIVE,0610DN,Derrynasaggart,1,0610DN
0630GE,Greenane,Loamy drift with limestones,Loamy,drift with limestones,drift,limestones,Typical Undifferentiated Gleys,Groundwater Gley,204,153,255,"['RPQ82BR01_P1030023-2.JPG', 'RPQ82BR01_P1030028.JPG']",LIVE,0630GE,Greenane,1,0630GE
0630HT,Heathtown,Fine loamy drift with siliceous stones,Fine loamy,drift with siliceous stones,drift,siliceous stones,Typical Undifferentiated Gleys,Groundwater Gley,204,153,255,"['RPQ93BR02_P1030045-2.JPG', 'RPQ93BR02_P1030052.JPG']",LIVE,0630HT,Heathtown,1,0630HT
0636BR,Bree,Coarse loamy drift igneous and metamorphic stones,Coarse loamy,drift igneous and metamorphic stones,drift,igneous and metamorphic stones,Humic Undifferentiated Gleys,Groundwater Gley,204,153,255,"['RPC45BR01_P1090840.JPG', 'RPC45BR01_P1090847.JPG', 'RPG96BR01_P1100033.JPG']",LIVE,0636BR,Bree,1,0636BR
0636CL,Corlea,Fine loamy drift with siliceous stones,Fine loamy,drift with siliceous stones,drift,siliceous stones,Humic Undifferentiated Gleys,Groundwater Gley,204,153,255,"['RPN79GJ01_DSCN0201.JPG', 'RPN79GJ01_DSCN0225.JPG']",LIVE,0636CL,Corlea,1,0636CL
0650CS,Clonaslee,Loamy over calcareous gravels,Loamy,over calcareous gravels,bedrock,calcareous gravels,Calcareous Groundwater Gleys,Groundwater Gley,204,153,255,[],LIVE,0650CS,Clonaslee,0,0650CS
0650MT,Mylerstown,Loamy drift with limestones,Loamy,drift with limestones,drift,limestones,Calcareous Groundwater Gleys,Groundwater Gley,204,153,255,"['RPO24BR02_P1020889.JPG', 'RPO24BR02_P1020894.JPG']",LIVE,0650MT,Mylerstown,1,0650MT
0651CL,Cloonmore,Fine loamy over limestone bedrock,Fine loamy,over limestone bedrock,bedrock,limestone,Histic Calcareous Groundwater Gleys,Groundwater Gley,204,153,255,"['RPN07GJ01_DSCN0512.JPG', 'RPN07GJ01_DSCN0517.JPG']",LIVE,0651CL,Cloonmore,1,0651CL
0656BS,Ballyshear,Fine loamy drift with limestones,Fine loamy,drift with limestones,drift,limestones,Humic Calcareous Groundwater Gleys,Groundwater Gley,204,153,255,[],LIVE,0656BS,Ballyshear,1,0656BS
0656BT,Ballintemple,Coarse loamy drift with limestones,Coarse loamy,drift with limestones,drift,limestones,Humic Calcareous Groundwater Gleys,Groundwater Gley,204,153,255,[],LIVE,0656BT,Ballintemple,1,0656BT
0660BK,Ballyknockan,Sandy stoneless drift,Sandy,stoneless  drift ,drift,stoneless,Humic Groundwater Gleys,Groundwater Gley,204,153,255,[],LIVE,0660BK,Ballyknockan,1,0660BK
0660BW,Ballywilliam,Coarse loamy drift with igneous and metamorphic stones,Coarse loamy,drift igneous and metamorphic stones,drift,igneous and metamorphic stones,Humic Groundwater Gleys,Groundwater Gley,204,153,255,"['RPC42BR03_P1090860.JPG', 'RPC42BR03_P1090868.JPG']",LIVE,0660BW,Ballywilliam,1,0660BW
0660CL,Callan,Loamy over gneiss and schist bedrock,Loamy,over gneiss and schist bedrock,bedrock,gneiss and schist,Humic Groundwater Gleys,Groundwater Gley,204,153,255,"['RPC10BR01_P1090953.JPG', 'RPC10BR01_P1090962.JPG']",LIVE,0660CL,Callan,1,0660CL
0660KT,Knuttery,Loamy over sandstone and shale bedrock,Loamy,over sandstone and shale bedrock,bedrock,sandstone and shale,Humic Groundwater Gleys,Groundwater Gley,204,153,255,"['RPW69BR02_P1090750.JPG', 'RPW69BR02_P1090758.JPG']",LIVE,0660KT,Knuttery,1,0660KT
0660NN,Noonan,Fine silty drift with siliceous stones,Fine silty,drift with siliceous stones,drift,siliceous stones,Humic Groundwater Gleys,Groundwater Gley,204,153,255,"['RPR31BR01_P1030297.JPG', 'RPR31BR01_P1030306.JPG']",LIVE,0660NN,Noonan,1,0660NN
0660NT,Newtown,Coarse loamy drift with limestones,Coarse loamy,drift with limestones,drift,limestones,Humic Groundwater Gleys,Groundwater Gley,204,153,255,[],LIVE,0660NT,Newtown,1,0660NT
0660PU,Puckane ,Coarse loamy drift with siliceous stones,Coarse loamy,drift with siliceous stones,drift,siliceous stones,Humic Groundwater Gleys,Groundwater Gley,204,153,255,"['RPC64BR01_P1030924.JPG', 'RPC64BR01_P1030931.JPG', 'RPV37BR01_P1030191.JPG', 'RPV37BR01_P1030198.JPG']",LIVE,0660PU,Puckane ,1,0660PU
0660RK,Roosky,Fine loamy drift with limestones,Fine loamy,drift with limestones,drift,limestones,Humic Groundwater Gleys,Groundwater Gley,204,153,255,"['RPM37OS01_P1100092.JPG', 'RPM37OS01_P1100097.JPG']",LIVE,0660RK,Roosky,1,0660RK
0660TK,Tourmakeady,Fine loamy drift with siliceous stones,Fine loamy,drift with siliceous stones,drift,siliceous stones,Humic Groundwater Gleys,Groundwater Gley,204,153,255,[],LIVE,0660TK,Tourmakeady,0,0660TK
0690KOA,Knockroe anthropic,Coarse loamy drift with siliceous stones,Coarse loamy,drift with siliceous stones,drift,siliceous stones,Anthric Groundwater Gleys,Groundwater Gley,204,153,255,[],LIVE,0690KOA,Knockroe anthropic,0,0690KOA
0700BB,Ballybrannagh,Clayey over shale bedrock,Clayey,over shale bedrock,bedrock,shale,Typical Surface-water Gleys,Surface Water Gley,141,180,226,[],LIVE,0700BB,Ballybrannagh,1,0700BB
0700BY,Ballyphilip,Fine loamy drift with igneous and metamorphic stones,Fine loamy,drift with igenous and metamorphic stones,drift,igneous and metamorphic stones,Typical Surface-water Gleys,Surface Water Gley,141,180,226,"['RPR30GJ01_P1100186.JPG', 'RPS36RC17_P1040699.JPG', 'RPS36RC17_P1040705.JPG']",LIVE,0700BY,Ballyphilip,1,0700BY
0700CK,Coolykereen,Fine silty drift with siliceous stones,Fine silty,drift with siliceous stones,drift,siliceous stones,Typical Surface-water Gleys,Surface Water Gley,141,180,226,"['RPQ80GJ03_DSCN0931.JPG', 'RPQ80GJ03_DSCN0946.JPG', 'RPS45RC13_P1020877.JPG', 'RPS45RC13_P1020888.JPG']",LIVE,0700CK,Coolykereen,1,0700CK
0700DK,Drumkeeran,Clayey drift with siliceous stones,Clayey,drift with siliceous stones,drift,siliceous stones,Typical Surface-water Gleys,Surface Water Gley,141,180,226,[],LIVE,0700DK,Drumkeeran,1,0700DK
0700KCR,Kilcreen,Coarse loamy over gneiss and schist bedrock,Coarse loamy,over gneiss and schist bedrock,bedrock,gneiss and schist,Typical Surface-water Gleys,Surface Water Gley,141,180,226,"['RPC22BR01_P1090899.JPG', 'RPC22BR01_P1090907.JPG', 'RPC22BR02_P1090909.JPG', 'RPC22BR02_P1090917.JPG']",LIVE,0700KCR,Kilcreen,1,0700KCR
0700KR,Kilrush,Fine loamy drift with siliceous stones,Fine loamy,drift with siliceous stones,drift,siliceous stones,Typical Surface-water Gleys,Surface Water Gley,141,180,226,"['RPH50GJ01_P1011052.jpg', 'RPH50GJ01_P1011072.jpg', 'RPH61GJ01_DSCN0236.JPG', 'RPH61GJ01_DSCN0253.JPG', 'RPH61GJ03_DSCN0274.JPG', 'RPH61GJ03_DSCN0276.JPG', 'RPM99GJ03_DSCN0483.JPG', 'RPM99GJ03_DSCN0506.JPG', 'RPO25BR01_P1020898.JPG', 'RPO25BR01_P1020902.JPG', 'RPQ72GJ01_DSCN0834.JPG', 'RPQ72GJ01_DSCN0848.JPG', 'RPQ90GJ02_DSCN0911.JPG', 'RPQ90GJ02_DSCN0927.JPG', 'RPR00GJ01_DSCN0978.JPG', 'RPR00GJ01_DSCN0990.JPG', 'RPS24RC21_P1020952.JPG', 'RPS24RC22_P1080357.JPG', 'RPS24RC22_P1080361.JPG', 'RPW48GJ01_P1030958.JPG', 'RPW48GJ01_P1030967.JPG']",LIVE,0700KR,Kilrush,1,0700KR
0700LC,Lismeelcunnin,Fine silty over shale bedrock,Fine silty,over shale bedrock,bedrock,shale,Typical Surface-water Gleys,Surface Water Gley,141,180,226,"['RPR30BR01_P1030286.JPG', 'RPR30BR01_P1030292.JPG']",LIVE,0700LC,Lismeelcunnin,1,0700LC
0700MC,Macamore,Fine loamy over calcareous Irish sea till,Fine loamy,over calcareous Irish sea till,drift,calcareous Irish sea till,Typical Surface-water Gleys,Surface Water Gley,141,180,226,[],LIVE,0700MC,Macamore,1,0700MC
0700NW,Newport,Coarse loamy drift with siliceous stones,Coarse loamy,drift with siliceous stones,drift,siliceous stones,Typical Surface-water Gleys,Surface Water Gley,141,180,226,"['RPQ61GJ01_DSCN0723.JPG', 'RPQ61GJ01_DSCN0737.JPG', 'RPQ90ED01_DSC_0176.JPG', 'RPQ90ED01_DSC_0179.JPG', 'RPT01GJ01_DSCN8801.JPG', 'RPT01GJ01_DSCN8806.JPG']",LIVE,0700NW,Newport,1,0700NW
0700ST,Straffan,Fine loamy drift with limestones,Fine loamy,drift with limestones,drift,limestones,Typical Surface-water Gleys,Surface Water Gley,141,180,226,"['RPO19BR01_P1020919.JPG', 'RPO19BR01_P1020921.JPG', 'RPO19BR02_P1020926.JPG', 'RPO19BR02_P1020932.JPG', 'RPS43RC08_P1020850.JPG', 'RPS43RC08_P1020855.JPG']",LIVE,0700ST,Straffan,1,0700ST
0700TR,Tramore,Loamy drift with igneous and metamorphic stones,Loamy,drift with igenous and metamorphic stones,drift,igneous and metamorphic stones,Typical Surface-water Gleys,Surface Water Gley,141,180,226,[],LIVE,0700TR,Tramore,1,0700TR
0760BB,Ballynabreen,Coarse loamy drift with igneous and metamorphic stones,Coarse loamy,drift with igenous and metamorphic stones,drift,igneous and metamorphic stones,Humic Surface-water Gleys,Surface Water Gley,141,180,226,"['RPC42BR01_P1030941.JPG', 'RPC42BR01_P1030944.JPG', 'RPH39BR01_P1100003.JPG', 'RPH39BR01_P1100010.JPG']",LIVE,0760BB,Ballynabreen,1,0760BB
0760BG,Ballygree,Fine silty drift with siliceous stones,Fine silty,drift with siliceous stones,drift,siliceous stones,Humic Surface-water Gleys,Surface Water Gley,141,180,226,"['RPQ90GJ01_DSCN0892.JPG', 'RPQ90GJ01_DSCN0902.JPG', 'RPQ90GJ01_DSCN0909.JPG', 'RPR41BR03_P1030265.JPG', 'RPR41BR03_P1030274.JPG']",LIVE,0760BG,Ballygree,1,0760BG
0760BL,Ballyhaise lithic phase,Fine loamy over sandstone and shale bedrock,Fine loamy,over sandstone and shale bedrock,bedrock,sandstone and shale,Humic Surface-water Gleys,Surface Water Gley,141,180,226,"['RPG92GJ01_DSCN0432.JPG', 'RPG92GJ01_DSCN0446.JPG']",LIVE,0760BL,Ballyhaise lithic phase,1,0760BL
0760BN,Ballinamore,Fine loamy drift with limestones,Fine loamy,drift with limestones,drift,limestones,Humic Surface-water Gleys,Surface Water Gley,141,180,226,[],LIVE,0760BN,Ballinamore,0,0760BN
0760CG,Cluggin,Clayey drift with siliceous stones,Clayey,drift with siliceous stones,drift,siliceous stones,Humic Surface-water Gleys,Surface Water Gley,141,180,226,[],LIVE,0760CG,Cluggin,1,0760CG
0760DY,Driminidy,Coarse loamy drift with siliceous stones,Coarse loamy,drift with siliceous stones,drift,siliceous stones,Humic Surface-water Gleys,Surface Water Gley,141,180,226,[],LIVE,0760DY,Driminidy,0,0760DY
0760GN,Gortaclareen,Fine loamy drift with siliceous stones,Fine loamy,drift with siliceous stones,drift,siliceous stones,Humic Surface-water Gleys,Surface Water Gley,141,180,226,"['RPQ80GJ02_DSCN0816.JPG', 'RPQ80GJ02_DSCN0831.JPG', 'RPQ90RC01_P1040214.JPG', 'RPQ90RC01_P1040218.JPG', 'RPQ90RC01_P1040233.JPG', 'RPS35RC19_P1020929.JPG', 'RPS35RC19_P1020933.JPG', 'RPS46RC16_P1020899.JPG', 'RPS46RC16_P1020908.JPG']",LIVE,0760GN,Gortaclareen,1,0760GN
0760HN,Howardstown,Clayey drift with limestones ,Clayey,drift with limestone ,drift,limestones,Humic Surface-water Gleys,Surface Water Gley,141,180,226,"['RPM99GJ02_DSCN0472.JPG', 'RPM99GJ02_DSCN0482.JPG']",LIVE,0760HN,Howardstown,1,0760HN
0760RH,Rahelty,Clayey over shale bedrock,Clayey,over shale bedrock,bedrock,sandstone and shale,Humic Surface-water Gleys,Surface Water Gley,141,180,226,"['RPS45RC15_P1020889.JPG', 'RPS45RC15_P1020894.JPG']",LIVE,0760RH,Rahelty,1,0760RH
0790KRA,Kilrush anthropic,Fine loamy drift with siliceous stones,Fine loamy,drift with siliceous stones,drift,siliceous stones,Anthric Surface-water Gleys,Surface Water Gley,141,180,226,[],LIVE,0790KRA,Kilrush anthropic,0,0790KRA
0800BN,Ballycondon,Loamy drift with siliceous stones,Loamy,drift with siliceous stones,drift,siliceous stones,Ferric Podzols,Podzol,128,128,0,[],LIVE,0800BN,Ballycondon,1,0800BN
0800BP,Brockagh,Sandy drift with igneous and metamorphic stones,Sandy,drift with igneous and metamorphic stones,drift,igneous and metamorphic stones,Ferric Podzols,Podzol,128,128,0,"['RPO10BR01_P1020784.JPG', 'RPO10BR01_P1020791.JPG']",LIVE,0800BP,Brockagh,1,0800BP
0800BR,Black Rock Mountain,Loamy over gneiss and schist bedrock,Loamy,over gneiss and schist bedrock,bedrock,gneiss and schist,Ferric Podzols,Podzol,128,128,0,[],LIVE,0800BR,Black Rock Mountain,0,0800BR
0800BS,Ballyscanlon,Loamy over acid igneous rock ,Loamy,over acid igneous rock ,bedrock,acid igneous,Ferric Podzols,Podzol,128,128,0,[],LIVE,0800BS,Ballyscanlon,1,0800BS
0800DS,Drumslig,Loamy over sandstone bedrock,Loamy,over sandstone bedrock,bedrock,sandstone,Ferric Podzols,Podzol,128,128,0,"['RPC20BR02_P1090984.JPG', 'RPC20BR02_P1090991.JPG']",LIVE,0800DS,Drumslig,1,0800DS
0800RD,Roddenagh,Loamy over shale and slate bedrock,Loamy,over shale and slate bedrock,bedrock,shale and slate,Ferric Podzols,Podzol,128,128,0,"['RPT07BR01_P1020760.JPG', 'RPT07BR01_P1020763.JPG', 'RPT07BR02_P1020767.JPG', 'RPT07BR02_P1020775.JPG', 'RPW17BR01_P1030339.JPG', 'RPW17BR01_P1030344.JPG']",LIVE,0800RD,Roddenagh,1,0800RD
0820BK,Brackloon,Sandy over sandstone bedrock,Sandy,over sandstone bedrock,bedrock,sandstone,Typical Gley Podzols,Podzol,128,128,0,[],LIVE,0820BK,Brackloon,1,0820BK
0830CM,Coumduff,Loamy over sandstone and shale bedrock,Loamy,over sandstone and shale bedrock,bedrock,sandstone and shale,Stagno-Gley Podzols ,Podzol,128,128,0,[],LIVE,0830CM,Coumduff,1,0830CM
0843BL,Blackstairs,Sandy over acid igneous bedrock,Sandy,over  acid igneous bedrock,bedrock,acid igneous,Iron-pan Stagno Podzols,Podzol,128,128,0,[],LIVE,0843BL,Blackstairs,1,0843BL
0843FC,Forth Commons,Loamy over sandstone bedrock,Loamy,over sandstone bedrock,bedrock,sandstone,Iron-pan Stagno Podzols,Podzol,128,128,0,[],LIVE,0843FC,Forth Commons,1,0843FC
0843GL,Glenary,Loamy drift with siliceous stones,Loamy,drift with siliceous stones,drift,siliceous stones,Iron-pan Stagno Podzols,Podzol,128,128,0,[],LIVE,0843GL,Glenary,1,0843GL
0843KS,Knockastanna,Loamy over shale bedrock,Loamy,over shale bedrock,bedrock,shale,Iron-pan Stagno Podzols,Podzol,128,128,0,"['RPW69BR01_otto1.JPG', 'RPW69BR01_P1090744.JPG']",LIVE,0843KS,Knockastanna,1,0843KS
0843MV,Monavullagh,Sandy over sandstone bedrock (conglomerate),Sandy,over sandstone bedrock (conglomerate),bedrock,sandstone,Iron-pan Stagno Podzols,Podzol,128,128,0,[],LIVE,0843MV,Monavullagh,1,0843MV
0860ARD,Ardrinane,Loamy over sandstone bedrock,Loamy,over sandstone bedrock,bedrock,sandstone,HumoFerric Podzols,Podzol,128,128,0,[],LIVE,0860ARD,Ardrinane,1,0860ARD
0860BA,Barnamire,Sandy over acid and basic igneous bedrock,Sandy,over acid and basic igneous bedrock,bedrock,acid and basic igneous,HumoFerric Podzols,Podzol,128,128,0,"['RPO11BR03_P1020803.JPG', 'RPO11BR03_P1020811.JPG']",LIVE,0860BA,Barnamire,1,0860BA
0860BG,Ballyglasheen,Loamy over shale and slate bedrock,Loamy,over shale and slate bedrock,bedrock,shale and slate,HumoFerric Podzols,Podzol,128,128,0,[],LIVE,0860BG,Ballyglasheen,1,0860BG
0860CB,Carrickbyrne,Loamy over acid and basic igneous bedrock,Loamy,over acid and basic igneous bedrock,bedrock,acid and basic igneous,HumoFerric Podzols,Podzol,128,128,0,[],LIVE,0860CB,Carrickbyrne,1,0860CB
0860CG,Carrowgavneen,Loamy drift with igenous and metamorphic stones,Loamy,drift with igenous and metamorphic stones,drift,igneous and metamorphic stones,HumoFerric Podzols,Podzol,128,128,0,"['RPG52BR01_P1100084.JPG', 'RPG52BR01_P1100089.JPG']",LIVE,0860CG,Carrowgavneen,1,0860CG
0860GB,Glenbough Variant,Sandy stoneless drift,Sandy,stoneless  drift ,drift,stoneless,HumoFerric Podzols,Podzol,128,128,0,"['RPG54OS01_P1100121.JPG', 'RPG54OS01_P1100123.JPG']",LIVE,0860GB,Glenbough Variant,1,0860GB
0860GG,Gortaloughhane,Sandy over sandstone bedrock,Sandy,over sandstone bedrock,bedrock,sandstone,HumoFerric Podzols,Podzol,128,128,0,"['RPW07ED02_DSC_0198.JPG', 'RPW07ED02_DSC_0204.JPG']",LIVE,0860GG,Gortaloughhane,1,0860GG
0860PO,Portlaw,Loamy drift with siliceous stones,Loamy,drift with siliceous stones,drift,siliceous stones,HumoFerric Podzols,Podzol,128,128,0,"['RPV64BR01_P1090823.JPG', 'RPV64BR01_P1090830.JPG']",LIVE,0860PO,Portlaw,1,0860PO
0900CN,Clonin,Loamy over sandstone bedrock,Loamy,over sandstone bedrock,bedrock,sandstone,Typical Brown Podzolics,Brown Podzolic,204,255,204,"['RPT08BR01_P1020708.JPG', 'RPT08BR01_P1020710.JPG']",LIVE,0900CN,Clonin,1,0900CN
0900CO,Cooga,Coarse loamy drift with siliceous stones,Coarse loamy,drift with siliceous stones,drift,siliceous stones,Typical Brown Podzolics,Brown Podzolic,204,255,204,"['RPW48BR02_P1030364.JPG', 'RPW48BR02_P1030369.JPG', 'RPW48BR02_P1030370.JPG', 'RPW48BR06_P1100148.JPG', 'RPW48BR06_P1100153.JPG']",LIVE,0900CO,Cooga,1,0900CO
0900CU,Cupidstownhill,Fine loamy over shale bedrock,Fine loamy,over shale bedrock,bedrock,shale,Typical Brown Podzolics,Brown Podzolic,204,255,204,"['RPS45RC14_P1040690.JPG', 'RPS45RC14_P1040692.JPG']",LIVE,0900CU,Cupidstownhill,1,0900CU
0900KY,Kiltealy,Sandy drift with igneous and metamorphic stones,Sandy,drift with igneous and metamorphic stones,drift,igneous and metamorphic stones,Typical Brown Podzolics,Brown Podzolic,204,255,204,[],LIVE,0900KY,Kiltealy,1,0900KY
0900NBP2,NBP2,Loamy over gneiss and schist bedrock,Loamy,over gneiss and schist bedrock,bedrock,gneiss and schist,Typical Brown Podzolics,Brown Podzolic,204,255,204,[],LIVE,0900NBP2,NBP2,0,0900NBP2
0900NBP4,NBP4,Loamy drift with igneous and metamorphic stones,Loamy,drift with igenous and metamorphic stones,drift,igneous and metamorphic stones,Typical Brown Podzolics,Brown Podzolic,204,255,204,[],LIVE,0900NBP4,NBP4,0,0900NBP4
0900RAT,Rathduff,Coarse loamy over shale and slate bedrock,Coarse loamy,over shale and slate bedrock,bedrock,shale and slate,Typical Brown Podzolics,Brown Podzolic,204,255,204,"['RPO20BR01_P1020821.JPG', 'RPO20BR01_P1020827.JPG']",LIVE,0900RAT,Rathduff,1,0900RAT
0900RO,Ross Carbery,Coarse loamy compact drift with siliceous stones,Coarse loamy,compact drift with siliceous stones,drift,siliceous stones,Typical Brown Podzolics,Brown Podzolic,204,255,204,['RPW39BR01_P1090771.JPG'],LIVE,0900RO,Ross Carbery,1,0900RO
0900SN,Screen,Sandy stoneless drift,Sandy,stoneless  drift ,drift,stoneless,Typical Brown Podzolics,Brown Podzolic,204,255,204,[],LIVE,0900SN,Screen,1,0900SN
0900TM,Tomies,Sandy drift with siliceous stones,Sandy,drift with siliceous stones,drift,siliceous stones,Typical Brown Podzolics,Brown Podzolic,204,255,204,"['RPV88BR01_P1030103.JPG', 'RPV88BR01_P1030110.JPG']",LIVE,0900TM,Tomies,1,0900TM
0900TN,Tiknock,Loamy over acid and basic igneous bedrock,Loamy,over acid and basic igneous bedrock,bedrock,acid and basic igneous,Typical Brown Podzolics,Brown Podzolic,204,255,204,"['RPO12BR01_P1020848.JPG', 'RPO12BR01_P1020850.JPG']",LIVE,0900TN,Tiknock,1,0900TN
0900UN29,UNnamed_29,Fine loamy drift with siliceous stones,Fine loamy,drift with siliceous stones,drift,siliceous stones,Typical Brown Podzolics,Brown Podzolic,204,255,204,[],LIVE,0900UN29,UNnamed_29,0,0900UN29
0920CG,Clonegall,Coarse loamy drift with siliceous stones,Coarse loamy,drift with siliceous stones,drift,siliceous stones,Gleyic Brown Podzolics,Brown Podzolic,204,255,204,[],LIVE,0920CG,Clonegall,1,0920CG
0930CR,Corriga,Fine loamy drift with siliceous stones,Fine loamy,drift with siliceous stones,drift,siliceous stones,Stagnic Brown Podzolics,Brown Podzolic,204,255,204,[],LIVE,0930CR,Corriga,1,0930CR
0930FLM,Flemingstown,Loamy over shale and slate bedrock,Loamy,over shale and slate bedrock,bedrock,shale and slate,Stagnic Brown Podzolics,Brown Podzolic,204,255,204,[],LIVE,0930FLM,Flemingstown,1,0930FLM
0936AM,Ardmoelode,Fine loamy drift with siliceous stones,Fine loamy,drift with siliceous stones,drift,siliceous stones,Humic-stagnic Brown Podzolics,Brown Podzolic,204,255,204,"['RPN59GJ02_P1011092.jpg', 'RPN59GJ02_P1011118.jpg', 'RPQ80BR01_P1030118.JPG', 'RPQ80BR01_P1030126.JPG']",LIVE,0936AM,Ardmoelode,1,0936AM
0936BA,Bawn,Loamy drift with igneous and metamorphic stones,Loamy,drift with igenous and metamorphic stones,drift,igneous and metamorphic stones,Humic-stagnic Brown Podzolics,Brown Podzolic,204,255,204,"['RPC20BR01_P1090973.JPG', 'RPC20BR01_P1090980.JPG']",LIVE,0936BA,Bawn,1,0936BA
0936LT,Loughatooma,Coarse loamy drift with siliceous stones,Coarse loamy,drift with siliceous stones,drift,siliceous stones,Humic-stagnic Brown Podzolics,Brown Podzolic,204,255,204,"['RPW48BR04_P1090720.JPG', 'RPW48BR04_P1090733.JPG']",LIVE,0936LT,Loughatooma,1,0936LT
0960BE,Borrisoleigh,Fine loamy over shale and slate bedrock,Fine loamy,over shale and slate bedrock,bedrock,shale and slate,Humic Brown Podzolics,Brown Podzolic,204,255,204,[],LIVE,0960BE,Borrisoleigh,1,0960BE
0960KB,Knockboy,Coarse loamy drift with siliceous stones,Coarse loamy,drift with siliceous stones,drift,siliceous stones,Humic Brown Podzolics,Brown Podzolic,204,255,204,"['RPW27BR02_P1090682.JPG', 'RPW27BR02_P1090684.JPG']",LIVE,0960KB,Knockboy,1,0960KB
0960KC,Knockaceol,Coarse loamy over sandstone bedrock,Coarse loamy,over sandstone bedrock,bedrock,sandstone,Humic Brown Podzolics,Brown Podzolic,204,255,204,"['RPR20BR01_P1030317.JPG', 'RPR20BR01_P1030323.JPG']",LIVE,0960KC,Knockaceol,1,0960KC
0960RK,Rathkenny,Fine loamy drift with siliceous stones,Fine loamy,drift with siliceous stones,drift,siliceous stones,Humic Brown Podzolics,Brown Podzolic,204,255,204,[],LIVE,0960RK,Rathkenny,1,0960RK
1000BY,Ballynamona,Fine loamy drift with igneous and metamorphic stones,Fine loamy,drift with igneous and metamorphic stones,drift,igneous and metamorphic stones,Typical Luvisols,Luvisol,255,153,204,[],LIVE,1000BY,Ballynamona,1,1000BY
1000CG,Cloongeel,Fine loamy over sandstone bedrock,Fine loamy,over sandstone bedrock,bedrock,sandstone,Typical Luvisols,Luvisol,255,153,204,"['RPQ80BR03_P1030152.JPG', 'RPQ80BR03_P1030158.JPG', 'RPS54RC11_P1020859.JPG', 'RPS54RC11_P1020865.JPG']",LIVE,1000CG,Cloongeel,1,1000CG
1000DB,Dunboyne,Fine loamy drift with siliceous stones,Fine loamy,drift with siliceous stones,drift,siliceous stones,Typical Luvisols,Luvisol,255,153,204,"['RPR30BR02_P1100201.JPG', 'RPR30BR02_P1100207.JPG', 'RPR40BR01_P1030275-.JPG', 'RPR40BR01_P1030282.JPG']",LIVE,1000DB,Dunboyne,1,1000DB
1000DG,Dungarvan,Coarse loamy drift with siliceous stones,Coarse loamy,drift with siliceous stones,drift,siliceous stones,Typical Luvisols,Luvisol,255,153,204,[],LIVE,1000DG,Dungarvan,0,1000DG
1000DK,Dromkeen,Fine loamy over shale bedrock,Fine loamy,over shale bedrock,bedrock,shale,Typical Luvisols,Luvisol,255,153,204,"['RPW55BR01_P1090761.JPG', 'RPW55BR01_P1090767.JPG']",LIVE,1000DK,Dromkeen,1,1000DK
1000ET,Elton,Fine loamy drift with limestones,Fine loamy,drift with limestones,drift,limestones,Typical Luvisols,Luvisol,255,153,204,"['RPR51BR01_P1030236.JPG', 'RPR51BR01_P1030243.JPG', 'RPS36RC18_P1020912.JPG', 'RPS36RC18_P1020921.JPG']",LIVE,1000ET,Elton,1,1000ET
1000KL,Kellistown,Coarse loamy drift with limestones,Coarse loamy,drift with limestones,drift,limestones,Typical Luvisols,Luvisol,255,153,204,"['RPM42BR01_P1100364.JPG', 'RPM42BR01_P1100371.JPG']",LIVE,1000KL,Kellistown,1,1000KL
1000PWL,Patrickswell lithic phase,Fine loamy over limestone bedrock,Fine loamy,over limestone bedrock,bedrock,limestone,Typical Luvisols,Luvisol,255,153,204,"['RPG73BR01_P1100044.JPG', 'RPG73BR01_P1100050.JPG']",LIVE,1000PWL,Patrickswell lithic phase,1,1000PWL
1020CB,Crossabeg,Fine loamy drift with siliceous stones,Fine loamy,drift with siliceous stones,drift,siliceous stones,Gleyic Luvisols,Luvisol,255,153,204,[],LIVE,1020CB,Crossabeg,1,1020CB
1020JH,Johnstown,Coarse loamy drift with siliceous stones,Coarse loamy,drift with siliceous stones,drift,siliceous stones,Gleyic Luvisols,Luvisol,255,153,204,[],LIVE,1020JH,Johnstown,1,1020JH
1026AD,Ardeen,Coarse loamy drift with siliceous stones,Coarse loamy,drift with siliceous stones,drift,siliceous stones,Humic-gleyic Luvisols,Luvisol,255,153,204,"['RPW27BR03_P1090690.JPG', 'RPW27BR03_P1090696.JPG']",LIVE,1026AD,Ardeen,1,1026AD
1030CO,Crosstown,Fine loamy drift with siliceous stones,Fine loamy,drift with siliceous stones,drift,siliceous stones,Stagnic Luvisols,Luvisol,255,153,204,"['RPT01BR01_P1030330.JPG', 'RPT01BR01_P1030332.JPG']",LIVE,1030CO,Crosstown,1,1030CO
1030GT,Gortavoher,Fine silty drift with siliceous stones,Fine silty,drift with siliceous stones,drift,siliceous stones,Stagnic Luvisols,Luvisol,255,153,204,"['RPR93RC28_P1020140.JPG', 'RPR93RC28_P1020143.JPG']",LIVE,1030GT,Gortavoher,1,1030GT
1030LG,Laughil,Coarse loamy drift with siliceous stones,Coarse loamy,drift with siliceous stones,drift,siliceous stones,Stagnic Luvisols,Luvisol,255,153,204,"['RPM70BR01_P1100314.JPG', 'RPM70BR01_P1100321.JPG']",LIVE,1030LG,Laughil,1,1030LG
1030MT,Milltown,Coarse loamy over gneiss and schist bedrock,Coarse loamy,over gneiss and schist bedrock,bedrock,gneiss and schist,Stagnic Luvisols,Luvisol,255,153,204,"['RPC11BR01_P1090931.JPG', 'RPC11BR01_P1090939.JPG', 'RPC20BR03_P1090993.JPG', 'RPC20BR03_P1090998.JPG']",LIVE,1030MT,Milltown,1,1030MT
1030RA,Rathowen,Fine loamy drift with limestones,Fine loamy,drift with limestones,drift,limestones,Stagnic Luvisols,Luvisol,255,153,204,"['RPO17BR01_P1020908.JPG', 'RPO17BR01_P1020912.JPG']",LIVE,1030RA,Rathowen,1,1030RA
1036BF,Ballyduff,Fine loamy over shale bedrock,Fine loamy,over shale bedrock,bedrock,shale,Humic-stagnic Luvisols ,Luvisol,255,153,204,"['RPR01GJ01_DSCN0872.JPG', 'RPR01GJ01_DSCN0886.JPG', 'RPR01GJ01_DSCN0891.JPG']",LIVE,1036BF,Ballyduff,1,1036BF
1060LD,Lisdillure,Coarse loamy over limestone bedrock,Coarse loamy,over limestone bedrock,bedrock,limestone,Humic Luvisols,Luvisol,255,153,204,"['RPM93BR02_P1100435.JPG', 'RPM93BR02_P1100442.JPG']",LIVE,1060LD,Lisdillure,1,1060LD
1100BG,Ballyglass,Coarse loamy over sandstone bedrock,Coarse loamy,over sandstone bedrock,bedrock,sandstone,Typical Brown Earths,Brown Earth,255,204,0,"['RPW28OS01_P1090710.JPG', 'RPW28OS01_P1090719.JPG', 'RPW47BR01_DSCN1728.JPG', 'RPW67BR01_P1100138.JPG', 'RPW67BR01_P1100144.JPG']",LIVE,1100BG,Ballyglass,1,1100BG
1100BL,Broomhill,Fine loamy over sandstone bedrock,Fine loamy,over sandstone bedrock,bedrock,sandstone,Typical Brown Earths,Brown Earth,255,204,0,"['RPO09BR02_P1020971.JPG', 'RPO09BR02_P1020972.JPG', 'RPS53RC09_P1040670.JPG', 'RPS53RC09_P1040677.JPG']",LIVE,1100BL,Broomhill,1,1100BL
1100BM,Ballymacool,Coarse loamy over gneiss and schist bedrock,Coarse loamy,over gneiss and schist bedrock,bedrock,gneiss and schist,Typical Brown Earths,Brown Earth,255,204,0,"['RPC10BR02_P1090963.JPG', 'RPC10BR02_P1090972.JPG', 'RPC11BR02_P1090942.JPG', 'RPC11BR02_P1090950.JPG', 'RPO11BR01_P1020793.JPG', 'RPO11BR01_P1020799.JPG']",LIVE,1100BM,Ballymacool,1,1100BM
1100BO,Borris,Coarse loamy drift with igneous and metamorphic stones,Coarse loamy,drift igneous and metamorphic stones,drift,igneous and metamorphic stones,Typical Brown Earths,Brown Earth,255,204,0,"['RPG62BR01_P1100053.JPG', 'RPG62BR01_P1100060.JPG', 'RPH19BR02_P1100024.JPG', 'RPH19BR02_P1100031.JPG', 'RPO11BR02_P1020816.JPG', 'RPO11BR02_P1020818.JPG']",LIVE,1100BO,Borris,1,1100BO
1100BV,Ballyvorheen,Sandy drift with siliceous stones,Sandy,drift with siliceous stones,drift,siliceous stones,Typical Brown Earths,Brown Earth,255,204,0,[],LIVE,1100BV,Ballyvorheen,1,1100BV
1100BY,Ballylanders,Fine loamy over shale and slate bedrock,Fine loamy,over shale and slate bedrock,bedrock,shale and slate,Typical Brown Earths,Brown Earth,255,204,0,"['RPO10BR02_P1020831.JPG', 'RPO10BR02_P1020837.JPG', 'RPR41BR01_P1030246.JPG', 'RPR41BR01_P1030251.JPG', 'RPS62RC05_P1020831.JPG', 'RPS62RC05_P1020834.JPG']",LIVE,1100BY,Ballylanders,1,1100BY
1100CL,Clonroche,Fine loamy drift with siliceous stones,Fine loamy,drift with siliceous stones,drift,siliceous stones,Typical Brown Earths,Brown Earth,255,204,0,"['RPS53BR01_P1100269.JPG', 'RPS53BR01_P1100280.JPG', 'RPS62RC04_P1020826.JPG', 'RPT08BR02_P1020729.JPG', 'RPT08BR02_P1020734.JPG', 'RPT17BR01_P1020737.JPG', 'RPT17BR01_P1020745.JPG']",LIVE,1100CL,Clonroche,1,1100CL
1100CM,Clashmore,Coarse loamy drift with siliceous stones,Coarse loamy,drift with siliceous stones,drift,siliceous stones,Typical Brown Earths,Brown Earth,255,204,0,"['RPQ60GJ01_DSCN0710.JPG', 'RPQ60GJ01_DSCN0718.JPG', 'RPR80RC01_P1100284.JPG', 'RPS42RC06_P1020840.JPG', 'RPS52RC07_P1020848.JPG', 'RPS99BR01_P1020714.JPG', 'RPS99BR01_P1020720.JPG', 'RPW27BR01_P1030347.JPG', 'RPW27BR01_P1030352.JPG', 'RPW27BR01_P1030353.JPG', 'RPW48BR01_P1030355.JPG', 'RPW48BR01_P1030361.JPG', 'RPW58BR01_P1030381.JPG', 'RPW58BR01_P1030387.JPG']",LIVE,1100CM,Clashmore,1,1100CM
1100DO,Dovea,Fine silty drift with limestones,Fine silty,drift with limestones,drift,limestones,Typical Brown Earths,Brown Earth,255,204,0,[],LIVE,1100DO,Dovea,1,1100DO
1100KC,Kennycourt,Fine loamy drift with limestones,Fine loamy,drift with limestones,drift,limestones,Typical Brown Earths,Brown Earth,255,204,0,"['RPN89BR01_P1020976.JPG', 'RPN89BR01_P1020980.JPG', 'RPS35BR01_P1100259.JPG', 'RPS35BR01_P1100267.JPG']",LIVE,1100KC,Kennycourt,1,1100KC
1100KE,Kells,Coarse loamy over shale bedrock,Coarse loamy,over shale bedrock,bedrock,shale,Typical Brown Earths,Brown Earth,255,204,0,"['RPS25RC20_P1020939.JPG', 'RPS25RC20_P1020945.JPG', 'RPT06BR01_P1020678.JPG', 'RPT06BR01_P1020682.JPG', 'RPT17BR02_P1020748.JPG']",LIVE,1100KE,Kells,1,1100KE
1100KI,Kill,Fine loamy drift with igneous and metamorphic stones,Fine loamy,drift with igneous and metamorphic stones,drift,igneous and metamorphic stones,Typical Brown Earths,Brown Earth,255,204,0,[],LIVE,1100KI,Kill,1,1100KI
1100KQ,Knocksquire,Coarse loamy over acid igneous bedrock,Coarse loamy,over acid igneous bedrock,bedrock,acid igneous,Typical Brown Earths,Brown Earth,255,204,0,"['RPO12BR02_P1020877.JPG', 'RPO12BR02_P1020878.JPG', 'RPT28BR01_P1020755.JPG', 'RPT28BR01_P1020756.JPG']",LIVE,1100KQ,Knocksquire,1,1100KQ
1100LA,Ladestown,Loamy over calcareous gravels,Loamy,over calcareous gravels,bedrock,calcareous gravels,Typical Brown Earths,Brown Earth,255,204,0,[],LIVE,1100LA,Ladestown,1,1100LA
1100MB,Mullabane,Coarse loamy drift with limestones,Coarse loamy,drift with limestones,drift,limestones,Typical Brown Earths,Brown Earth,255,204,0,"['RPM47BR01_P1100465.JPG', 'RPM47BR01_P1100475.JPG', 'RPM53BR02_P1100389.JPG', 'RPM53BR02_P1100398.JPG', 'RPM83BR01_P1100453.JPG', 'RPM83BR01_P1100462.JPG']",LIVE,1100MB,Mullabane,1,1100MB
1120BK,Ballylusky,Fine loamy drift with limestones,Fine loamy,drift with limestones,drift,limestones,Gleyic Brown Earths,Brown Earth,255,204,0,"['RPS14RC25_P1020976.JPG', 'RPS14RC25_P1020979.JPG', 'RPS24RC23_P1020956.JPG']",LIVE,1120BK,Ballylusky,1,1120BK
1120EK,Eskaheen,Loamy drift with igneous and metamorphic stones,Loamy,drift with igenous and metamorphic stones,drift,igneous and metamorphic stones,Gleyic Brown Earths,Brown Earth,255,204,0,"['RPC42BR02_P1090850.JPG', 'RPC42BR02_P1090858.JPG']",LIVE,1120EK,Eskaheen,1,1120EK
1120KN,Knock,Coarse loamy drift with siliceous stones,Coarse loamy,drift with siliceous stones,drift,siliceous stones,Gleyic Brown Earths,Brown Earth,255,204,0,[],LIVE,1120KN,Knock,0,1120KN
1120UN16,UNnamed_16,Fine loamy drift with siliceous stones,Fine loamy,drift with siliceous stones,drift,siliceous stones,Gleyic Brown Earths,Brown Earth,255,204,0,[],LIVE,1120UN16,UNnamed_16,0,1120UN16
1126NI,NewInn,Coarse loamy drift with siliceous stones,Coarse loamy,drift with siliceous stones,drift,siliceous stones,Humic-gleyic Brown Earths,Brown Earth,255,204,0,"['RPS97BR02_P1020701.JPG', 'RPS97BR02_P1020702.JPG', 'RPW48BR03_P1030372.JPG', 'RPW48BR03_P1030380.JPG', 'RPW77BR01_P1100128.JPG', 'RPW77BR01_P1100137.JPG']",LIVE,1126NI,NewInn,1,1126NI
1130CC,Curracitty,Clayey over shale bedrock,Clayey,over shale bedrock,bedrock,shale,Stagnic Brown Earths,Brown Earth,255,204,0,"['RPQ90BR01_P1030093.JPG', 'RPQ90BR01_P1030101.JPG']",LIVE,1130CC,Curracitty,1,1130CC
1130CM,Castlemoyle,Coarse loamy drift with limestones,Coarse loamy,drift with limestones,drift,limestones,Stagnic Brown Earths,Brown Earth,255,204,0,"['RPS04RC26_P1020127.JPG', 'RPS04RC26_P1020129.JPG']",LIVE,1130CM,Castlemoyle,1,1130CM
1130DG,Duarrigle,Fine loamy over shale bedrock,Fine loamy,over shale bedrock,bedrock,shale,Stagnic Brown Earths,Brown Earth,255,204,0,"['RPR30BR03_P1100217.JPG', 'RPR30BR03_P1100225.JPG']",LIVE,1130DG,Duarrigle,1,1130DG
1130GT,Glantane,Coarse loamy over sandstone bedrock,Coarse loamy,over sandstone bedrock,bedrock,sandstone,Stagnic Brown Earths,Brown Earth,255,204,0,"['RPH70GJ01_DSCN0190.JPG', 'RPH70GJ01_DSCN0196.JPG', 'RPN38GJ02_DSCN0350.JPG', 'RPN38GJ02_DSCN0358.JPG', 'RPW28BR01_P1090700.JPG', 'RPW28BR01_P1090707.JPG']",LIVE,1130GT,Glantane,1,1130GT
1130KC,Knockreagh,Fine silty over shale bedrock,Fine silty,over shale bedrock,bedrock,shale,Stagnic Brown Earths,Brown Earth,255,204,0,"['RPQ92BR01_P1030055.JPG', 'RPQ92BR01_P1030062.JPG']",LIVE,1130KC,Knockreagh,1,1130KC
1130LB,Labadoo,Coarse loamy drift with igneous and metamorphic stones,Coarse loamy,drift igneous and metamorphic stones,drift,igneous and metamorphic stones,Stagnic Brown Earths,Brown Earth,255,204,0,"['RPC22BR03_P1090920.JPG', 'RPC22BR03_P1090928.JPG', 'RPH19BR01_P1100014.JPG', 'RPH19BR01_P1100022.JPG']",LIVE,1130LB,Labadoo,1,1130LB
1130MF,Musicfield,fine loamy drift with limestones,Fine loamy,drift with limestones,drift,limestones,Stagnic Brown Earths,Brown Earth,255,204,0,"['RPH61GJ02_DSCN0254.JPG', 'RPM25BR01_P1100416.JPG', 'RPM25BR01_P1100421.JPG']",LIVE,1130MF,Musicfield,1,1130MF
1130MO,Moord,Fine loamy drift with siliceous stones,Fine loamy,drift with siliceous stones,drift,siliceous stones,Stagnic Brown Earths,Brown Earth,255,204,0,"['RPO08BR01_P1020959.JPG', 'RPO08BR01_P1020963.JPG', 'RPO09BR01_P1020948.JPG', 'RPO09BR01_P1020953.JPG', 'RPQ80BR04_P1030161.JPG', 'RPQ80BR04_P1030168.JPG', 'RPW58BR02_P1030390.JPG', 'RPW58BR02_P1030399.JPG']",LIVE,1130MO,Moord,1,1130MO
1130TN,Tooreenbane,Coarse loamy drift with siliceous stones,Coarse loamy,drift with siliceous stones,drift,siliceous stones,Stagnic Brown Earths,Brown Earth,255,204,0,"['RPW38BR01_P1100171.JPG', 'RPW38BR01_P1100182.JPG', 'RPW58BR03_DSCN1705.JPG', 'RPW98OS02_P1030430.JPG', 'RPW98OS02_P1030434.JPG']",LIVE,1130TN,Tooreenbane,1,1130TN
1136GV,Gneaves,Fine loamy drift with siliceous stones,Fine loamy,drift with siliceous stones,drift,siliceous stones,Humic-stagnic Brown Earths,Brown Earth,255,204,0,['RPR11BR01_P1030082.JPG'],LIVE,1136GV,Gneaves,1,1136GV
1136KF,Killyfinla,Loamy over sandstone bedrock,Loamy,over sandstone bedrock,bedrock,sandstone,Humic-stagnic Brown Earths,Brown Earth,255,204,0,"['RPN38GJ01_DSCN0313.JPG', 'RPN38GJ01_DSCN0315.JPG', 'RPN59GJ01_P1011085.jpg', 'RPN59GJ01_P1011086.jpg', 'RPN59GJ01_P1011089.jpg']",LIVE,1136KF,Killyfinla,1,1136KF
1150BC,Ballincurra,Fine loamy over limestone bedrock,Fine loamy,over limestone bedrock,bedrock,limestone,Typical Calcareous Brown Earths,Brown Earth,255,204,0,[],LIVE,1150BC,Ballincurra,1,1150BC
1150BG,Baggotstown,Coarse loamy over calcareous gravels,Coarse loamy,over calcareous gravels,bedrock,calcareous gravels,Typical Calcareous Brown Earths,Brown Earth,255,204,0,"['RPM94GJ02_DSCN0534.JPG', 'RPM94GJ02_DSCN0545.JPG']",LIVE,1150BG,Baggotstown,1,1150BG
1150CH,Cullahill,Coarse loamy drift with limestones,Coarse loamy,drift with limestones,drift,limestones,Typical Calcareous Brown Earths,Brown Earth,255,204,0,[],LIVE,1150CH,Cullahill,0,1150CH
1150CN,Coolnaha,Coarse loamy over limestone bedrock,Coarse loamy,over limestone bedrock,bedrock,limestone,Typical Calcareous Brown Earths,Brown Earth,255,204,0,"['RPM48OS01_P1100100.JPG', 'RPM48OS01_P1100101.JPG', 'RPM94GJ01_DSCN0523.JPG', 'RPM94GJ01_DSCN0529.JPG']",LIVE,1150CN,Coolnaha,1,1150CN
1150FO,Faoldroim,Fine loamy drift with limestones,Fine loamy,drift with limestones,drift,limestones,Typical Calcareous Brown Earths,Brown Earth,255,204,0,['RPO24RC03_P1020823.JPG'],LIVE,1150FO,Faoldroim,0,1150FO
1150KF,Kilfenora,Clayey drift over limestone bedrock,Clayey,drift over limestone bedrock,drift,limestone,Typical Calcareous Brown Earths,Brown Earth,255,204,0,[],LIVE,1150KF,Kilfenora,1,1150KF
1153CK,Carnakelly,Coarse loamy drift with limestones,Coarse loamy,drift with limestones,drift,limestones,Stagnic Calcareous Brown Earths,Brown Earth,255,204,0,"['RPM52BR01_P1100337.JPG', 'RPM52BR01_P1100342.JPG']",LIVE,1153CK,Carnakelly,1,1153CK
1153FT,Feltrim,Fine loamy drift with limestones,Fine loamy,drift with limestones,drift,limestones,Stagnic Calcareous Brown Earths,Brown Earth,255,204,0,"['RPM93GJ01_DSCN0563.JPG', 'RPM93GJ01_DSCN0576.JPG', 'RPO24BR01_P1020878.JPG', 'RPO24BR01_P1020885.JPG']",LIVE,1153FT,Feltrim,1,1153FT
1156CR,Carroward,Coarse loamy drift with limestones,Coarse loamy,drift with limestones,drift,limestones,Humic Calcareous Brown Earths,Brown Earth,255,204,0,"['RPM29BR01_P1100064.JPG', 'RPM29BR01_P1100070.JPG']",LIVE,1156CR,Carroward,1,1156CR
1156HA,Hundredacres,Coarse loamy over calcareous gravels ,Coarse loamy,over calcareous gravels,bedrock,calcareous gravels,Humic Calcareous Brown Earths,Brown Earth,255,204,0,"['RPM53BR01_P1100356.JPG', 'RPM53BR01_P1100361.JPG']",LIVE,1156HA,Hundredacres,1,1156HA
1156KK,Knockaun,Fine loamy over calcareous gravels ,Fine loamy,over calcareous gravels ,bedrock,calcareous gravels,Humic Calcareous Brown Earths,Brown Earth,255,204,0,"['RPM70BR02_P1100324.JPG', 'RPM70BR02_P1100329.JPG']",LIVE,1156KK,Knockaun,1,1156KK
1160AL,Aille,Coarse loamy over limestone bedrock,Coarse loamy,over limestone bedrock,bedrock,limestone,Humic Brown Earths,Brown Earth,255,204,0,"['RPM25OS01_P1100113.JPG', 'RPM25OS01_P1100115.JPG']",LIVE,1160AL,Aille,1,1160AL
1160AS,Ashgrove,Fine loamy drift with siliceous stones,Fine loamy,drift with siliceous stones,drift,siliceous stones,Humic Brown Earths,Brown Earth,255,204,0,"['RPH90BR02_P1030006.JPG', 'RPH90BR02_P1030008.JPG']",LIVE,1160AS,Ashgrove,1,1160AS
1160BH,Blackhill,Loamy drift with igneous and metamorphic stones,Loamy,drift with igenous and metamorphic stones,drift,igneous and metamorphic stones,Humic Brown Earths,Brown Earth,255,204,0,"['RPO02BR01_P1020855.JPG', 'RPO02BR01_P1020864.JPG']",LIVE,1160BH,Blackhill,1,1160BH
1160BN,Brosna,Fine loamy over sandstone bedrock,Fine loamy,over sandstone bedrock,bedrock,sandstone,Humic Brown Earths,Brown Earth,255,204,0,"['RPR11GJ01_DSCN0853.JPG', 'RPR11GJ01_DSCN0860.JPG']",LIVE,1160BN,Brosna,1,1160BN
1160CG,Carrigogunnel,Coarse loamy over lithoskeletal basic igneous rock,Coarse loamy,over lithoskeletal basic igneous rock,bedrock,basic igneous,Humic Brown Earths,Brown Earth,255,204,0,[],LIVE,1160CG,Carrigogunnel,1,1160CG
1160CS,Crossabeagh,coarse loamy over sandstone and shale bedrock,Coarse loamy,over sandstone and shale bedrock,bedrock,sandstone and shale,Humic Brown Earths,Brown Earth,255,204,0,"['RPH90BR01_P1020994.JPG', 'RPH90BR01_P1020999.JPG', 'RPN58GJ01_DSCN0290.JPG', 'RPN58GJ01_DSCN0302.JPG']",LIVE,1160CS,Crossabeagh,1,1160CS
1160DO,Dooaghs,Sandy drift with siliceous stones,Sandy,drift with siliceous stones,drift,siliceous stones,Humic Brown Earths,Brown Earth,255,204,0,"['RPQ71BR01_P1030171.JPG', 'RPQ71BR01_P1030177.JPG', 'RPV69BR01_P1030181.JPG', 'RPV69BR01_P1030188.JPG']",LIVE,1160DO,Dooaghs,1,1160DO
1160NBE17,NBE17,Loamy drift with limestones,Loamy,drift with limestones,drift,limestones,Humic Brown Earths,Brown Earth,255,204,0,[],LIVE,1160NBE17,NBE17,0,1160NBE17
1160RM,Renaghmore,Fine loamy over shale bedrock,Fine loamy,over shale bedrock,bedrock,shale,Humic Brown Earths,Brown Earth,255,204,0,"['RPR21BR01_P1030312.JPG', 'RPR21BR01_P1030313.JPG', 'RPR21BR01_P1030314.JPG', 'RPS35RC01_P1090835.JPG', 'RPS35RC01_P1090839.JPG']",LIVE,1160RM,Renaghmore,1,1160RM
1160SH,Schull,Coarse loamy drift with siliceous stones,Coarse loamy,drift with siliceous stones,drift,siliceous stones,Humic Brown Earths,Brown Earth,255,204,0,"['RPS97BR01_P1020690.JPG', 'RPS97BR01_P1020692.JPG', 'RPS99BR02_P1020722.JPG', 'RPS99BR02_P1020726.JPG']",LIVE,1160SH,Schull,1,1160SH
1160WO,Wonderhill,Fine loamy over lithoskeletal basic igneous rock,Fine loamy,over lithoskeletal basic igneous rock,bedrock,basic igneous,Humic Brown Earths,Brown Earth,255,204,0,[],LIVE,1160WO,Wonderhill,1,1160WO
1190CMA,Clashmore anthropic,Coarse loamy drift with siliceous stones,Coarse loamy,drift with siliceous stones,drift,siliceous stones,Anthric Brown Earths,Brown Earth,255,204,0,[],LIVE,1190CMA,Clashmore anthropic,0,1190CMA
1196ASA,Ashgrove anthropic,Fine loamy drift with siliceous stones,Fine loamy,drift with siliceous stones,drift,siliceous stones,Anthric - Humic Brown Earths,Brown Earth,255,204,0,[],LIVE,1196ASA,Ashgrove anthropic,0,1196ASA
